id,property_code,date,market_rent,occupied_rent,revenue,expenses,owed,charges,collections,income_actual,income_budget,expense_actual,expense_budget,actual_cash,adjusted_cash,collected,collections_pct
1.0,georget,2025-02-01,1117.05,1057.0,89245.4,27397.62,0.0,3233.29,,,,,,,,,100.0
2.0,georget,2025-03-01,1117.05,1059.62,111793.14,42763.89,0.0,111793.14,,,,,,,,,100.0
256.0,kenplc,2025-07-01,1521.04,1333.14,323584.0,129024.0,138687.0,341969.0,,,,,,,,,59.44
257.0,kenplc,2025-08-01,1521.04,1339.62,321882.0,107697.0,125119.0,340310.0,,,,,,,,,63.23
258.0,kenplc,2025-09-01,1521.04,1339.93,321913.0,117797.0,110971.0,340345.0,,,,,,,,,67.39
259.0,kenplc,2025-10-01,1521.04,1346.36,322695.0,116688.0,93628.0,341196.0,,,,,,,,,72.56
260.0,kenplc,2025-11-01,1521.04,1350.56,322717.0,115951.0,76131.0,341247.0,,,,,,,,,77.69
261.0,kenplc,2025-12-01,1521.04,1348.82,320987.0,139685.0,58925.0,339503.0,,,,,,,,,82.64
262.0,kenplc,2026-01-01,1521.04,1349.29,320327.0,127665.0,43286.0,338884.0,,,,,,,,,87.23
263.0,kenplc,2026-02-01,1521.04,1357.27,317859.0,108831.0,25829.0,336316.0,,,,,,,,,92.32
264.0,wdlndcm,2025-04-01,1529.57,1518.62,189565.04,42469.98,36456.0,189564.99,,,,,,,,,80.77
265.0,wdlndcm,2025-05-01,1529.57,1519.36,179062.3,87011.09,13962.1,177793.83,,,,,,,,,92.15
266.0,wdlndcm,2025-06-01,1529.57,1517.49,181926.11,104141.59,5889.75,186867.35,,,,,,,,,96.85
267.0,wdlndcm,2025-07-01,1429.57,1520.19,179263.98,110544.19,5572.0,182901.42,,,,,,,,,96.95
268.0,wdlndcm,2025-08-01,1439.43,1518.81,179463.28,110800.99,0.0,186853.42,,,,,,,,,100.0
269.0,wdlndcm,2025-09-01,1439.43,1514.05,166674.65,101528.6,0.0,177314.81,,,,,,,,,100.0
270.0,wdlndcm,2025-10-01,1439.43,1513.12,162052.68,77326.78,38.79,164511.2,,,,,,,,,99.98
271.0,wdlndcm,2025-11-01,1439.43,1517.62,165977.0,93271.46,2254.41,169395.33,,,,,,,,,98.67
272.0,wdlndcm,2025-12-01,1439.43,1512.03,189327.68,126556.94,1530.12,189327.68,,,,,,,,,99.19
273.0,wdlndcm,2026-01-01,1464.43,1525.95,192969.58,85084.57,8673.95,194729.92,,,,,,,,,95.55
274.0,wdlndcm,2026-02-01,1464.43,1499.38,,,19056.98,192514.17,,,,,,,,,90.1
275.0,turn,2025-03-01,1464.25,1291.96,129727.62,53373.24,4560.0,306069.17,,,,,,,,,98.51
276.0,turn,2025-04-01,1464.25,1392.82,311429.76,119384.8,1679.0,299549.51,,,,,,,,,99.44
277.0,turn,2025-05-01,1464.25,1404.4,308850.77,127448.3,1620.5,306052.22,,,,,,,,,99.47
278.0,turn,2025-06-01,1464.25,1410.01,293183.52,125806.37,1912.5,296497.3,,,,,,,,,99.35
279.0,turn,2025-07-01,1464.25,1412.74,282999.78,141987.48,1912.5,284849.78,,,,,,,,,99.33
280.0,turn,2025-08-01,1414.25,1410.92,289122.7,168823.29,2191.0,292593.74,,,,,,,,,99.25
281.0,turn,2025-09-01,1414.25,1404.05,289410.48,140780.05,8180.3,293234.23,,,,,,,,,97.21
282.0,turn,2025-10-01,1364.97,1396.93,275908.2,129571.64,308.4,277241.35,,,,,,,,,99.89
283.0,turn,2025-11-01,1364.25,1391.71,277648.73,159026.04,0.0,285956.4,,,,,,,,,100.0
3.0,georget,2025-04-01,1117.05,1062.9,118374.13,40783.8,0.0,118374.13,,,,,,,,,100.0
4.0,georget,2025-05-01,1117.05,1073.2,113649.8,47619.77,0.0,111797.7,,,,,,,,,100.0
5.0,georget,2025-06-01,1142.05,1081.82,117339.77,62258.1,0.0,116896.18,,,,,,,,,100.0
6.0,georget,2025-07-01,1142.05,1087.4,114660.18,37864.48,0.0,116072.02,,,,,,,,,100.0
7.0,georget,2025-08-01,1142.05,1088.26,116050.32,53672.56,0.0,116050.32,,,,,,,,,100.0
8.0,georget,2025-09-01,1142.05,1082.22,118455.54,53796.96,0.0,118455.54,,,,,,,,,100.0
9.0,georget,2025-10-01,1142.05,1096.38,116538.54,51663.04,0.0,116608.19,,,,,,,,,100.0
10.0,georget,2025-11-01,1142.05,1099.66,117078.75,59444.9,0.0,117078.75,,,,,,,,,100.0
11.0,georget,2025-12-01,1167.05,1101.61,117023.47,3377.13,0.0,117023.47,,,,,,,,,100.0
12.0,georget,2026-01-01,1192.05,1105.33,,,0.0,118883.05,,,,,,,,,100.0
13.0,georget,2026-02-01,1192.05,1104.98,116792.5,2945.02,1667.15,116792.5,,,,,,,,,98.57
383.0,55pharr,2026-03-01,1498.59,1628.45,,,,174804.9,,,,,,,,131280.53,75.1
138.0,portico,2025-01-01,1398.72,1518.5,240671.88,97106.74,3281.44,240671.88,,,,,,,,,98.64
139.0,portico,2025-02-01,1398.72,1522.16,239408.19,79612.76,5899.93,239408.19,,,,,,,,,97.54
140.0,portico,2025-03-01,1548.2,1534.87,237734.86,118667.46,2684.44,245050.56,,,,,,,,,98.9
141.0,portico,2025-04-01,1548.2,1541.21,247608.63,121882.66,2518.23,248655.0,,,,,,,,,98.99
142.0,portico,2025-05-01,1548.2,1527.31,241573.75,112355.93,0.0,242642.09,,,,,,,,,100.0
143.0,portico,2025-06-01,1548.2,1547.88,231478.19,123261.27,0.0,231421.74,,,,,,,,,100.0
144.0,portico,2025-07-01,1674.96,1521.25,245635.55,126721.74,0.0,247294.55,,,,,,,,,100.0
145.0,portico,2025-08-01,1674.96,1521.75,237620.94,123463.23,0.0,235947.78,,,,,,,,,100.0
146.0,portico,2025-09-01,1667.36,1509.7,244255.26,102131.38,0.0,244444.28,,,,,,,,,100.0
147.0,portico,2025-10-01,1667.36,1517.56,230265.91,124854.49,0.0,229070.22,,,,,,,,,100.0
148.0,portico,2025-11-01,1667.36,1513.21,261162.68,119245.65,0.0,268882.42,,,,,,,,,100.0
149.0,portico,2025-12-01,1667.36,1526.97,228995.14,115159.48,0.0,228995.14,,,,,,,,,100.0
150.0,portico,2026-01-01,1667.36,1525.91,230289.09,144413.56,0.06,233451.6,,,,,,,,,100.0
151.0,portico,2026-02-01,1634.63,1523.03,,,7639.45,247546.43,,,,,,,,,96.91
176.0,abbeylk,2024-01-01,952.1,931.95,148007.85,56399.64,2205.3,149703.54,,,,,,,,,98.53
177.0,abbeylk,2024-02-01,954.24,933.76,145604.97,56242.91,1332.06,146840.14,,,,,,,,,99.09
178.0,abbeylk,2024-03-01,954.24,934.09,144736.04,57676.71,952.46,145940.06,,,,,,,,,99.35
179.0,abbeylk,2024-04-01,964.57,932.16,150450.8,58975.56,1115.03,150542.15,,,,,,,,,99.26
180.0,abbeylk,2024-05-01,962.4,943.79,151916.8,64055.51,26.0,150333.35,,,,,,,,,99.98
181.0,abbeylk,2024-06-01,962.4,946.92,149140.73,67834.78,172.92,148687.87,,,,,,,,,99.88
182.0,abbeylk,2024-07-01,992.4,953.24,143634.14,58964.42,0.87,145174.14,,,,,,,,,100.0
183.0,abbeylk,2024-08-01,992.4,955.84,152535.48,62844.63,1651.44,152535.48,,,,,,,,,98.92
184.0,abbeylk,2024-09-01,1017.4,962.73,155949.55,57841.29,1031.02,156706.7,,,,,,,,,99.34
185.0,abbeylk,2024-10-01,1017.4,964.53,156504.25,60099.75,1014.05,157689.44,,,,,,,,,99.36
186.0,abbeylk,2024-11-01,1017.4,968.13,158236.17,62878.07,3265.76,159650.88,,,,,,,,,97.95
187.0,abbeylk,2024-12-01,1019.86,968.36,159981.03,56186.22,4195.29,161788.13,,,,,,,,,97.41
188.0,abbeylk,2025-01-01,1019.86,966.35,152531.41,54510.21,2832.58,152531.41,,,,,,,,,98.14
189.0,abbeylk,2025-02-01,1019.86,975.04,155081.95,58981.09,7040.06,159768.67,,,,,,,,,95.59
190.0,abbeylk,2025-03-01,1019.86,977.98,148577.46,55757.23,2201.46,155059.21,,,,,,,,,98.58
191.0,abbeylk,2025-04-01,1019.86,983.17,139812.15,59622.54,1114.81,152850.7,,,,,,,,,99.27
192.0,abbeylk,2025-05-01,1021.18,985.8,148887.94,88518.89,1483.43,146145.71,,,,,,,,,98.98
193.0,abbeylk,2025-06-01,1021.18,983.34,154977.72,46908.5,1706.12,158592.93,,,,,,,,,98.92
194.0,abbeylk,2025-07-01,1021.18,990.83,165867.25,65356.5,1508.41,169307.58,,,,,,,,,99.11
195.0,abbeylk,2025-08-01,1021.18,992.32,158432.51,62768.42,2004.41,155838.78,,,,,,,,,98.71
196.0,abbeylk,2025-09-01,1021.18,993.97,154810.53,62401.11,2673.56,154161.84,,,,,,,,,98.27
197.0,abbeylk,2025-10-01,1021.18,997.72,150747.91,68877.21,1714.12,155757.22,,,,,,,,,98.9
198.0,abbeylk,2025-11-01,1030.77,1002.76,152490.68,60758.18,2449.08,157956.78,,,,,,,,,98.45
199.0,abbeylk,2025-12-01,1033.25,1004.06,159333.52,64978.53,0.0,159333.52,,,,,,,,,100.0
200.0,abbeylk,2026-01-01,1033.25,990.97,155442.67,64703.95,0.0,155035.22,,,,,,,,,100.0
201.0,abbeylk,2026-02-01,1033.25,1001.23,,,4373.16,155479.79,,,,,,,,,97.19
229.0,kenplc,2023-04-01,1486.65,1252.72,295098.0,128091.0,109693.0,312135.0,,,,,,,,,64.85
230.0,kenplc,2023-05-01,1491.13,1243.5,289823.0,123813.0,108549.0,307179.0,,,,,,,,,64.66
231.0,kenplc,2023-06-01,1505.74,1249.43,294965.0,127933.0,118313.0,312474.0,,,,,,,,,62.14
232.0,kenplc,2023-07-01,1518.22,1257.21,293878.0,139055.0,132632.0,310839.0,,,,,,,,,57.33
233.0,kenplc,2023-08-01,1524.04,1270.98,296316.0,116859.0,137287.0,313288.0,,,,,,,,,56.18
234.0,kenplc,2023-09-01,1521.09,1281.17,298098.0,122918.0,145695.0,315268.0,,,,,,,,,53.78
235.0,kenplc,2023-10-01,1521.04,1267.31,294629.0,121296.0,135609.0,311715.0,,,,,,,,,56.49
236.0,kenplc,2023-11-01,1521.04,1260.73,298437.0,131103.0,145169.0,315837.0,,,,,,,,,54.04
237.0,kenplc,2023-12-01,1521.04,1254.72,296107.0,147398.0,146133.0,313443.0,,,,,,,,,53.38
238.0,kenplc,2024-01-01,1521.04,1252.06,283946.0,139099.0,155561.0,300694.0,,,,,,,,,48.27
239.0,kenplc,2024-02-01,1521.04,1270.26,300428.0,118887.0,165217.0,318042.0,,,,,,,,,48.05
240.0,kenplc,2024-03-01,1521.04,1263.62,299697.0,128730.0,167266.0,316838.0,,,,,,,,,47.21
241.0,kenplc,2024-04-01,1521.04,1268.86,296773.0,118626.0,167740.0,313824.0,,,,,,,,,46.55
242.0,kenplc,2024-05-01,1521.04,1272.62,292939.0,120618.0,181695.0,309885.0,,,,,,,,,41.37
243.0,kenplc,2024-06-01,1521.04,1269.5,297168.0,138831.0,187779.0,314304.0,,,,,,,,,40.25
244.0,kenplc,2024-07-01,1521.04,1271.42,296107.0,136095.0,178149.0,313247.0,,,,,,,,,43.12
245.0,kenplc,2024-08-01,1521.04,1280.62,293527.0,107936.0,184553.0,310563.0,,,,,,,,,40.58
246.0,kenplc,2024-09-01,1521.04,1284.08,296915.0,124169.0,184028.0,314041.0,,,,,,,,,41.4
247.0,kenplc,2024-10-01,1521.04,1283.06,296082.0,123428.0,175927.0,313227.0,,,,,,,,,43.83
50.0,perryh,2024-01-01,1195.78,1259.67,113243.43,68461.47,14141.03,116556.32,,,,,,,,,87.87
51.0,perryh,2024-02-01,1247.63,1250.89,121696.72,74819.49,5402.04,126600.56,,,,,,,,,95.73
52.0,perryh,2024-03-01,1247.63,1246.42,115247.7,46452.56,14217.61,123272.67,,,,,,,,,88.47
53.0,perryh,2024-04-01,1247.63,1240.47,116939.06,54443.66,8113.22,124384.54,,,,,,,,,93.48
54.0,perryh,2024-05-01,1247.63,1231.66,135752.32,73129.19,7266.48,138157.32,,,,,,,,,94.74
55.0,perryh,2024-06-01,1247.63,1229.94,127676.05,64723.79,6550.93,132290.42,,,,,,,,,95.05
56.0,perryh,2024-07-01,1297.63,1236.98,124668.0,77046.04,6640.7,131736.71,,,,,,,,,94.96
57.0,perryh,2024-08-01,1297.63,1240.99,126551.38,58606.15,7706.7,132158.71,,,,,,,,,94.17
58.0,perryh,2024-09-01,1297.63,1245.04,124576.51,76412.15,8169.31,128291.6,,,,,,,,,93.63
59.0,perryh,2024-10-01,1297.63,1250.93,127991.11,68534.97,7934.21,134146.01,,,,,,,,,94.09
60.0,perryh,2024-11-01,1297.63,1248.63,120242.96,76853.53,5377.62,129757.25,,,,,,,,,95.86
61.0,perryh,2024-12-01,1297.63,1248.51,117611.72,38605.37,4733.32,124365.17,,,,,,,,,96.19
62.0,perryh,2025-01-01,1297.63,1260.01,138060.26,64023.6,3504.54,138060.26,,,,,,,,,97.46
63.0,perryh,2025-02-01,1329.58,1261.53,130858.92,66114.92,6847.37,131973.67,,,,,,,,,94.81
64.0,perryh,2025-03-01,1329.58,1268.02,128766.56,57325.06,7395.26,127610.09,,,,,,,,,94.2
65.0,perryh,2025-04-01,1329.58,1268.81,125752.0,56549.74,7985.96,127724.29,,,,,,,,,93.75
66.0,perryh,2025-05-01,1328.7,1273.44,128969.39,71600.13,7178.45,128969.39,,,,,,,,,94.43
67.0,perryh,2025-06-01,1328.7,1275.78,126751.46,74789.2,4181.1,128602.53,,,,,,,,,96.75
68.0,perryh,2025-07-01,1328.7,1286.68,128225.2,67041.89,2937.5,128225.2,,,,,,,,,97.71
69.0,perryh,2025-08-01,1328.7,1286.5,126126.27,63682.44,3949.68,133267.27,,,,,,,,,97.04
70.0,perryh,2025-09-01,1328.7,1290.19,131983.12,70462.39,5601.01,131109.31,,,,,,,,,95.73
71.0,perryh,2025-10-01,1328.7,1292.66,130637.23,77999.31,4444.35,135348.23,,,,,,,,,96.72
72.0,perryh,2025-11-01,1328.7,1292.2,134537.6,76437.75,10759.45,134537.6,,,,,,,,,92.0
73.0,perryh,2025-12-01,1328.7,1294.78,147139.12,18003.87,1688.5,139586.07,,,,,,,,,98.79
74.0,perryh,2026-01-01,1328.7,1288.05,135583.13,65217.96,5262.18,140352.71,,,,,,,,,96.25
175.0,abbeylk,2023-12-01,951.11,930.38,148767.19,48262.17,,,,,,,,,,,
370.0,55pharr,2025-03-17,,,,,,,,,,,,534466.55,445547.43,,
371.0,55pharr,2025-04-16,,,,,,,,,,,,446114.61,438545.94,,
43.0,perryh,2023-06-01,1340.69,1252.59,133840.76,63294.59,,,,,,,,,,,
14.0,perryh,2021-01-01,955.55,938.37,99092.94,32350.12,,,,,,,,,,,
15.0,perryh,2021-02-01,955.55,920.43,94606.66,38336.23,,,,,,,,,,,
16.0,perryh,2021-03-01,955.55,934.17,90756.75,45169.35,,,,,,,,,,,
17.0,perryh,2021-04-01,955.55,940.65,94737.76,52335.92,,,,,,,,,,,
18.0,perryh,2021-05-01,955.55,940.75,99277.21,46135.74,,,,,,,,,,,
19.0,perryh,2021-06-01,1038.29,974.73,103206.5,60383.76,,,,,,,,,,,
20.0,perryh,2021-07-01,1047.08,995.78,101368.13,49986.31,,,,,,,,,,,
21.0,perryh,2021-08-01,1147.64,1026.01,115499.92,55488.53,,,,,,,,,,,
22.0,perryh,2021-09-01,1190.69,1039.08,113484.38,57309.55,,,,,,,,,,,
23.0,perryh,2021-10-01,1190.69,1057.43,110472.35,50261.8,,,,,,,,,,,
24.0,perryh,2021-11-01,1190.69,1081.44,118165.88,48555.09,,,,,,,,,,,
25.0,perryh,2021-12-01,1190.69,1082.79,119680.66,-40883.66,,,,,,,,,,,
26.0,perryh,2022-01-01,1190.69,1090.56,115130.47,37233.85,,,,,,,,,,,
27.0,perryh,2022-02-01,1190.69,1105.55,118512.78,43836.28,,,,,,,,,,,
28.0,perryh,2022-03-01,1190.69,1111.25,122886.81,52438.11,,,,,,,,,,,
29.0,perryh,2022-04-01,1190.69,1127.3,130391.01,44369.85,,,,,,,,,,,
30.0,perryh,2022-05-01,1190.69,1145.72,119696.42,47274.74,,,,,,,,,,,
31.0,perryh,2022-06-01,1240.69,1155.95,128586.08,48993.41,,,,,,,,,,,
32.0,perryh,2022-07-01,1240.69,1170.93,127668.26,48099.22,,,,,,,,,,,
33.0,perryh,2022-08-01,1240.69,1174.81,126093.71,66427.89,,,,,,,,,,,
34.0,perryh,2022-09-01,1240.69,1201.81,127660.49,57622.8,,,,,,,,,,,
35.0,perryh,2022-10-01,1240.69,1207.66,128796.15,64810.23,,,,,,,,,,,
36.0,perryh,2022-11-01,1240.69,1213.23,134245.39,49223.88,,,,,,,,,,,
37.0,perryh,2022-12-01,1290.69,1220.99,129848.69,58693.85,,,,,,,,,,,
38.0,perryh,2023-01-01,1290.69,1225.28,133165.88,55938.45,,,,,,,,,,,
39.0,perryh,2023-02-01,1290.69,1235.39,131418.82,49399.79,,,,,,,,,,,
40.0,perryh,2023-03-01,1290.69,1238.43,134728.82,42804.25,,,,,,,,,,,
41.0,perryh,2023-04-01,1340.69,1241.76,138247.88,45596.26,,,,,,,,,,,
42.0,perryh,2023-05-01,1340.69,1247.27,143675.61,49300.09,,,,,,,,,,,
44.0,perryh,2023-07-01,1340.69,1265.35,138409.64,64302.37,,,,,,,,,,,
45.0,perryh,2023-08-01,1215.69,1278.59,128698.43,72544.45,,,,,,,,,,,
46.0,perryh,2023-09-01,1215.69,1273.12,121322.99,74892.53,,,,,,,,,,,
47.0,perryh,2023-10-01,1215.69,1273.61,115875.04,67966.73,,,,,,,,,,,
48.0,perryh,2023-11-01,1195.78,1274.3,83678.9,78025.38,,,,,,,,,,,
49.0,perryh,2023-12-01,1195.78,1266.07,120774.66,62208.1,,,,,,,,,,,
76.0,longvw,2021-01-01,956.25,927.47,128979.76,60337.48,,,,,,,,,,,
77.0,longvw,2021-02-01,956.25,946.99,138117.78,58528.22,,,,,,,,,,,
78.0,longvw,2021-03-01,967.07,918.46,133315.55,61973.8,,,,,,,,,,,
79.0,longvw,2021-04-01,992.11,931.84,142419.81,61425.93,,,,,,,,,,,
80.0,longvw,2021-05-01,992.89,946.5,135791.37,60681.7,,,,,,,,,,,
81.0,longvw,2021-06-01,992.89,951.82,145304.18,57515.02,,,,,,,,,,,
82.0,longvw,2021-07-01,1019.56,956.26,132070.32,59918.76,,,,,,,,,,,
83.0,longvw,2021-08-01,1019.56,962.86,144340.73,65426.12,,,,,,,,,,,
84.0,longvw,2021-09-01,1134.74,972.33,147960.32,63455.43,,,,,,,,,,,
85.0,longvw,2021-10-01,1135.41,985.82,137137.98,59657.03,,,,,,,,,,,
86.0,longvw,2021-11-01,1136.07,991.48,141215.86,65261.29,,,,,,,,,,,
87.0,longvw,2021-12-01,1136.89,1004.96,102658.97,67064.82,,,,,,,,,,,
88.0,longvw,2022-01-01,1163.22,1014.35,146622.8,66019.48,,,,,,,,,,,
89.0,longvw,2022-02-01,1226.89,1041.05,147300.81,59067.35,,,,,,,,,,,
90.0,longvw,2022-03-01,1278.11,1058.98,150788.15,67828.71,,,,,,,,,,,
91.0,longvw,2022-04-01,1280.04,1075.78,145104.05,59900.65,,,,,,,,,,,
92.0,longvw,2022-05-01,1281.96,1094.84,152696.09,61633.75,,,,,,,,,,,
93.0,longvw,2022-06-01,1331.96,1148.06,157299.35,70228.75,,,,,,,,,,,
94.0,longvw,2022-07-01,1331.96,1172.44,160666.15,68384.38,,,,,,,,,,,
95.0,longvw,2022-08-01,1331.96,1195.77,168895.08,85710.76,,,,,,,,,,,
96.0,longvw,2022-09-01,1331.96,1226.09,160369.47,69924.1,,,,,,,,,,,
97.0,longvw,2022-10-01,1334.4,1230.16,168705.52,76118.22,,,,,,,,,,,
98.0,longvw,2022-11-01,1335.62,1249.38,165177.43,59668.61,,,,,,,,,,,
99.0,longvw,2022-12-01,1336.85,1268.03,173593.98,56140.64,,,,,,,,,,,
100.0,longvw,2023-01-01,1336.85,1282.44,170430.21,75836.21,,,,,,,,,,,
101.0,longvw,2023-02-01,1273.74,1295.99,181269.88,76869.67,,,,,,,,,,,
102.0,longvw,2023-03-01,1274.96,1304.53,182165.26,75104.76,,,,,,,,,,,
103.0,longvw,2023-04-01,1278.11,1308.77,186955.88,69906.65,,,,,,,,,,,
104.0,longvw,2023-05-01,1281.33,1317.33,162136.6,80419.05,,,,,,,,,,,
105.0,longvw,2023-06-01,1281.33,1318.11,165910.29,82148.27,,,,,,,,,,,
152.0,abbeylk,2022-01-01,823.22,740.0,119996.45,39797.75,,,,,,,,,,,
153.0,abbeylk,2022-02-01,823.22,747.0,117034.55,43847.0,,,,,,,,,,,
154.0,abbeylk,2022-03-01,823.22,757.0,120747.89,47165.86,,,,,,,,,,,
155.0,abbeylk,2022-04-01,823.22,769.0,119477.74,50068.06,,,,,,,,,,,
156.0,abbeylk,2022-05-01,825.19,785.44,125553.61,50884.99,,,,,,,,,,,
157.0,abbeylk,2022-06-01,828.15,810.78,129675.04,49619.42,,,,,,,,,,,
158.0,abbeylk,2022-07-01,829.14,815.56,124287.34,49605.15,,,,,,,,,,,
159.0,abbeylk,2022-08-01,830.13,821.08,128688.71,57385.81,,,,,,,,,,,
160.0,abbeylk,2022-09-01,881.11,827.79,131403.29,47349.3,,,,,,,,,,,
161.0,abbeylk,2022-10-01,883.09,830.14,127028.09,47522.41,,,,,,,,,,,
162.0,abbeylk,2022-11-01,886.34,832.75,131887.2,18839.29,,,,,,,,,,,
163.0,abbeylk,2022-12-01,887.33,836.93,129360.52,50465.6,,,,,,,,,,,
164.0,abbeylk,2023-01-01,887.33,838.19,129686.92,57215.73,,,,,,,,,,,
165.0,abbeylk,2023-02-01,891.57,841.51,140400.33,55861.49,,,,,,,,,,,
166.0,abbeylk,2023-03-01,891.57,854.09,140125.89,55640.27,,,,,,,,,,,
167.0,abbeylk,2023-04-01,944.5,861.68,142432.47,58792.94,,,,,,,,,,,
168.0,abbeylk,2023-05-01,945.49,871.93,147872.43,63292.62,,,,,,,,,,,
169.0,abbeylk,2023-06-01,945.49,880.13,140909.03,59571.49,,,,,,,,,,,
106.0,longvw,2023-07-01,1283.77,1321.17,179162.96,77491.89,5712.0,170000.0,,,,,,,,,
107.0,longvw,2023-08-01,1308.92,1318.93,185185.25,53004.2,16728.0,170000.0,,,,,,,,,
108.0,longvw,2023-09-01,1337.44,1319.83,176956.94,67438.33,7837.0,170000.0,,,,,,,,,
109.0,longvw,2023-10-01,1337.44,1321.28,172950.16,71205.7,1853.0,170000.0,,,,,,,,,
110.0,longvw,2023-11-01,1337.44,1324.41,169371.93,77570.33,9792.0,170000.0,,,,,,,,,
111.0,longvw,2023-12-01,1315.74,1327.78,178450.52,50508.07,14450.0,170000.0,,,,,,,,,
112.0,longvw,2024-01-01,1315.74,1325.55,177345.89,72415.22,12393.0,170000.0,,,,,,,,,
113.0,longvw,2024-02-01,1316.96,1330.01,180526.24,70297.27,7089.0,170000.0,,,,,,,,,
114.0,longvw,2024-03-01,1318.18,1328.45,185345.78,68534.69,17799.0,170000.0,,,,,,,,,
115.0,longvw,2024-04-01,1320.11,1336.77,179496.56,84118.53,3862.5,179496.56,,,,,,,,,
116.0,longvw,2024-05-01,1323.33,1335.99,174686.33,100418.12,10187.5,174686.33,,,,,,,,,
117.0,longvw,2024-06-01,1324.03,1339.37,173922.97,92173.5,10461.25,179384.06,,,,,,,,,
118.0,longvw,2024-07-01,1325.25,1343.76,178273.91,84060.25,18672.63,184463.0,,,,,,,,,
119.0,longvw,2024-08-01,1325.96,1346.18,174888.63,83653.59,9549.09,181442.57,,,,,,,,,
120.0,longvw,2024-09-01,1325.96,1349.02,170011.99,98201.71,5585.11,177964.99,,,,,,,,,
121.0,longvw,2024-10-01,1277.88,1353.14,170722.72,94727.05,9541.71,170722.72,,,,,,,,,
122.0,longvw,2024-11-01,1277.88,1340.81,169752.37,13126.02,7895.42,182878.39,,,,,,,,,
123.0,longvw,2024-12-01,1277.88,1336.99,173528.31,3611.71,11997.68,179814.37,,,,,,,,,
124.0,longvw,2025-01-01,1302.88,1333.87,181939.41,91948.11,9225.64,189403.19,,,,,,,,,
125.0,longvw,2025-02-01,1302.88,1332.84,185391.64,94489.03,2493.87,185391.68,,,,,,,,,
126.0,longvw,2025-03-01,1329.81,1333.42,178076.74,76443.91,1694.27,177940.16,,,,,,,,,
127.0,longvw,2025-04-01,1329.81,1335.5,182499.51,113226.55,1491.65,187455.53,,,,,,,,,
128.0,longvw,2025-05-01,1331.03,1349.31,184784.66,113979.85,10998.51,184784.66,,,,,,,,,
129.0,longvw,2025-06-01,1356.03,1339.38,187036.81,83255.18,1450.97,187036.81,,,,,,,,,
130.0,longvw,2025-07-01,1356.03,1342.62,184881.4,82854.41,2578.3,190880.67,,,,,,,,,
131.0,longvw,2025-08-01,1356.74,1344.56,180154.73,101936.94,8125.93,179626.89,,,,,,,,,
132.0,longvw,2025-09-01,1306.7,1346.02,179434.96,104386.97,6399.83,182832.86,,,,,,,,,
133.0,longvw,2025-10-01,1306.74,1344.56,179619.18,87056.15,3091.53,184525.59,,,,,,,,,
134.0,longvw,2025-11-01,1307.96,1342.83,162251.4,101219.61,1763.9,165251.4,,,,,,,,,
135.0,longvw,2025-12-01,1294.92,1342.59,175089.92,4641.55,3762.88,175089.92,,,,,,,,,
136.0,longvw,2026-01-01,1294.92,1335.63,175291.31,88703.41,15921.99,184231.65,,,,,,,,,
137.0,longvw,2026-02-01,1269.92,1335.74,,,11204.6,181603.98,,,,,,,,,
170.0,abbeylk,2023-07-01,945.49,895.93,141644.24,66661.42,,,,,,,,,,,
171.0,abbeylk,2023-08-01,948.98,904.83,151249.85,54855.57,,,,,,,,,,,
172.0,abbeylk,2023-09-01,948.98,913.7,146974.19,56399.24,,,,,,,,,,,
173.0,abbeylk,2023-10-01,948.98,916.41,147806.14,56981.21,,,,,,,,,,,
174.0,abbeylk,2023-11-01,948.98,923.85,146419.33,14942.57,,,,,,,,,,,
202.0,kenplc,2021-01-01,1336.49,1183.88,283545.0,133597.0,31282.0,299348.0,,,,,,,,,
203.0,kenplc,2021-02-01,1343.92,1195.25,271168.0,119203.0,31899.0,287908.0,,,,,,,,,
204.0,kenplc,2021-03-01,1348.35,1195.19,290604.0,130178.0,48927.0,307523.0,,,,,,,,,
205.0,kenplc,2021-04-01,1352.09,1204.78,276432.0,120261.0,44046.0,293187.0,,,,,,,,,
206.0,kenplc,2021-05-01,1362.97,1207.22,283133.0,123737.0,35591.0,300308.0,,,,,,,,,
207.0,kenplc,2021-06-01,1379.22,1211.0,282165.0,122652.0,44095.0,300063.0,,,,,,,,,
208.0,kenplc,2021-07-01,1389.17,1205.3,282545.0,124523.0,42553.0,298635.0,,,,,,,,,
209.0,kenplc,2021-08-01,1401.74,1207.79,281600.0,119912.0,38098.0,298115.0,,,,,,,,,
210.0,kenplc,2021-09-01,1413.39,1212.73,287037.0,124866.0,45115.0,302980.0,,,,,,,,,
211.0,kenplc,2021-10-01,1412.13,1209.41,283949.0,118668.0,41167.0,300046.0,,,,,,,,,
212.0,kenplc,2021-11-01,1416.22,1209.63,285182.0,118891.0,50010.0,301499.0,,,,,,,,,
213.0,kenplc,2021-12-01,1416.17,1201.46,285152.0,128424.0,57034.0,302138.0,,,,,,,,,
214.0,kenplc,2022-01-01,1415.91,1204.93,280887.0,127025.0,72766.0,296942.0,,,,,,,,,
215.0,kenplc,2022-02-01,1417.96,1213.8,283269.0,108953.0,68098.0,300010.0,,,,,,,,,
216.0,kenplc,2022-03-01,1420.61,1213.36,296553.0,129851.0,63666.0,313413.0,,,,,,,,,
217.0,kenplc,2022-04-01,1425.74,1218.27,285693.0,114839.0,66330.0,302234.0,,,,,,,,,
218.0,kenplc,2022-05-01,1430.7,1224.25,300169.0,127310.0,73766.0,316867.0,,,,,,,,,
219.0,kenplc,2022-06-01,1446.65,1227.98,299523.0,130618.0,79858.0,316139.0,,,,,,,,,
220.0,kenplc,2022-07-01,1463.39,1239.87,290330.0,134413.0,81553.0,306519.0,,,,,,,,,
221.0,kenplc,2022-08-01,1479.22,1253.22,296003.0,119761.0,85291.0,312408.0,,,,,,,,,
222.0,kenplc,2022-09-01,1481.91,1265.41,302232.0,122399.0,94040.0,319048.0,,,,,,,,,
223.0,kenplc,2022-10-01,1481.91,1253.0,299118.0,123584.0,88684.0,316032.0,,,,,,,,,
224.0,kenplc,2022-11-01,1481.91,1246.78,296866.0,118476.0,89193.0,314095.0,,,,,,,,,
225.0,kenplc,2022-12-01,1481.91,1258.87,298078.0,132095.0,85073.0,315605.0,,,,,,,,,
226.0,kenplc,2023-01-01,1481.91,1254.5,293965.0,147308.0,103668.0,310910.0,,,,,,,,,
227.0,kenplc,2023-02-01,1481.91,1265.4,298628.0,128088.0,107855.0,315789.0,,,,,,,,,
228.0,kenplc,2023-03-01,1485.7,1262.22,312666.0,140927.0,103610.0,330510.0,,,,,,,,,
287.0,55pharr,2021-11-01,,,,,,,,168404.0,157806.0,103537.0,95887.0,,,,
288.0,55pharr,2021-12-01,,,,,,,,162343.23,158690.63,111436.84,95913.71,,,,
289.0,55pharr,2022-01-01,,,,,,,,166489.99,158014.99,98241.78,99540.11,,,,
290.0,55pharr,2022-02-01,,,,,,,,161795.77,161532.39,98175.43,99645.63,,,,
291.0,55pharr,2022-03-01,,,,,,,,166808.13,164875.66,105983.63,99745.93,,,,
292.0,55pharr,2022-04-01,,,,,,,,155713.48,168057.84,97138.25,100556.41,,,,
293.0,55pharr,2022-05-01,,,,,,,,167320.37,171090.99,100073.67,100647.4,,,,
294.0,55pharr,2022-06-01,,,,,,,,162426.36,173986.35,101659.27,100734.26,,,,
295.0,55pharr,2022-07-01,,,,,,,,176941.41,176754.21,101747.23,100817.3,,,,
296.0,55pharr,2022-08-01,,,,,,,,178445.17,179404.25,112900.42,100896.8,,,,
297.0,55pharr,2022-09-01,,,,,,,,164233.4,181945.35,103064.89,100973.03,,,,
298.0,55pharr,2022-10-01,,,,,,,,163741.24,184387.0,120764.96,101049.0,,,,
299.0,55pharr,2022-11-01,,,,,,,,156126.0,186735.0,136400.09,101119.0,,,,
300.0,55pharr,2022-12-01,,,,,,,,150903.37,188996.0,232636.97,101187.0,,,,
301.0,55pharr,2023-01-01,,,,,,,,159536.18,161974.0,117234.86,107878.0,,,,
302.0,55pharr,2023-02-01,,,,,,,,164945.68,168672.0,112318.66,108079.0,,,,
303.0,55pharr,2023-03-01,,,,,,,,178295.2,173317.0,106527.27,108228.0,,,,
304.0,55pharr,2023-04-01,,,,,,,,152460.14,179848.0,112702.08,108951.0,,,,
305.0,55pharr,2023-05-01,,,,,,,,156058.68,186314.0,115763.17,109145.0,,,,
306.0,55pharr,2023-06-01,,,,,,,,148724.85,186314.0,110023.82,109145.0,,,,
307.0,55pharr,2023-07-01,,,,,,,,153109.18,193538.0,117838.1,109362.0,,,,
308.0,55pharr,2023-08-01,,,,,,,,176189.7,195772.0,130796.93,109429.0,,,,
309.0,55pharr,2023-09-01,,,,,,,,176629.64,198174.0,110397.27,109501.0,,,,
310.0,55pharr,2023-10-01,,,,,,,,188685.39,200502.0,123607.27,109571.0,,,,
311.0,55pharr,2023-11-01,,,,,,,,184877.41,202511.0,125682.58,109631.0,,,,
312.0,55pharr,2023-12-01,,,,,,,,189560.06,204456.0,122025.29,109690.0,,,,
313.0,55pharr,2024-01-01,,,,,,,,181072.22,192432.92,121745.62,138482.73,,,,
314.0,55pharr,2024-02-01,,,,,,,,184947.2,194192.7,147805.49,133157.32,,,,
315.0,55pharr,2024-03-01,,,,,,,,209177.37,195645.5,125256.32,131900.2,,,,
316.0,55pharr,2024-04-01,,,,,,,,219919.02,197205.36,119704.07,131946.99,,,,
317.0,55pharr,2024-05-01,,,,,,,,197884.18,198573.7,155552.61,138653.45,,,,
318.0,55pharr,2024-06-01,,,,,,,,199797.34,199413.81,123180.03,138678.65,,,,
319.0,55pharr,2024-07-01,,,,,,,,204845.74,200221.42,120551.5,138702.88,,,,
320.0,55pharr,2024-08-01,,,,,,,,181905.37,201000.06,202553.01,138713.74,,,,
321.0,55pharr,2024-09-01,,,,,,,,192483.61,201753.09,123092.68,138748.83,,,,
322.0,55pharr,2024-10-01,,,,,,,,219558.52,202377.4,122619.32,138767.56,,,,
323.0,55pharr,2024-11-01,,,,,,,,209059.48,202989.55,132768.01,138785.93,,,,
324.0,55pharr,2024-12-01,,,,,,,,215467.91,203591.88,99778.61,147349.42,,,,
325.0,55pharr,2025-01-01,,,,,,,,198352.83,203520.35,128525.3,142022.78,,,,
338.0,55pharr,2022-07-11,,,,,,,,,,,,399423.12,365743.59,,
339.0,55pharr,2022-08-15,,,,,,,,,,,,369955.8,328609.6,,
340.0,55pharr,2022-09-15,,,,,,,,,,,,425991.85,406054.78,,
341.0,55pharr,2022-10-06,,,,,,,,,,,,394120.31,188246.77,,
342.0,55pharr,2022-11-14,,,,,,,,,,,,366580.64,345779.23,,
343.0,55pharr,2022-12-19,,,,,,,,,,,,226400.21,215690.97,,
344.0,55pharr,2023-01-17,,,,,,,,,,,,404228.84,334369.33,,
345.0,55pharr,2023-02-16,,,,,,,,,,,,437594.57,417782.23,,
346.0,55pharr,2023-03-16,,,,,,,,,,,,437092.75,346773.66,,
347.0,55pharr,2023-04-18,,,,,,,,,,,,353704.41,327212.08,,
348.0,55pharr,2023-05-15,,,,,,,,,,,,340473.49,372081.11,,
349.0,55pharr,2023-06-15,,,,,,,,,,,,328286.54,346533.4,,
350.0,55pharr,2023-07-15,,,,,,,,,,,,314547.14,276974.07,,
351.0,55pharr,2023-08-17,,,,,,,,,,,,334428.58,220469.49,,
352.0,55pharr,2023-09-20,,,,,,,,,,,,303435.59,291495.42,,
353.0,55pharr,2023-10-16,,,,,,,,,,,,308183.16,289282.49,,
354.0,55pharr,2023-11-15,,,,,,,,,,,,380496.55,374261.36,,
355.0,55pharr,2023-12-18,,,,,,,,,,,,376494.08,352435.69,,
356.0,55pharr,2024-01-18,,,,,,,,,,,,340579.94,329654.05,,
357.0,55pharr,2024-02-15,,,,,,,,,,,,329316.99,307963.78,,
358.0,55pharr,2024-03-15,,,,,,,,,,,,392757.26,367129.23,,
359.0,55pharr,2024-04-16,,,,,,,,,,,,416836.11,391657.08,,
360.0,55pharr,2024-05-16,,,,,,,,,,,,389960.0,383863.45,,
361.0,55pharr,2024-06-17,,,,,,,,,,,,758993.78,752413.73,,
362.0,55pharr,2024-07-16,,,,,,,,,,,,882658.45,875321.36,,
363.0,55pharr,2024-08-16,,,,,,,,,,,,883793.78,810123.35,,
364.0,55pharr,2024-09-16,,,,,,,,,,,,401219.12,377016.43,,
365.0,55pharr,2024-10-16,,,,,,,,,,,,437278.06,430939.61,,
366.0,55pharr,2024-11-18,,,,,,,,,,,,454728.37,438795.86,,
367.0,55pharr,2024-12-17,,,,,,,,,,,,466886.83,461881.32,,
368.0,55pharr,2025-01-16,,,,,,,,,,,,490646.38,488097.51,,
369.0,55pharr,2025-02-17,,,,,,,,,,,,473139.69,470665.51,,
372.0,55pharr,2025-05-15,,,,,,,,,,,,452618.77,444899.69,,
373.0,55pharr,2025-06-17,,,,,,,,,,,,449757.43,438826.53,,
374.0,55pharr,2025-07-16,,,,,,,,,,,,440625.75,427212.89,,
375.0,55pharr,2025-08-18,,,,,,,,,,,,494447.43,466581.42,,
376.0,55pharr,2025-09-16,,,,,,,,,,,,504282.15,501825.74,,
377.0,55pharr,2025-10-16,,,,,,,,,,,,427732.34,401461.92,,
378.0,55pharr,2025-11-18,,,,,,,,,,,,370143.41,367304.41,,
379.0,55pharr,2025-12-17,,,,,,,,,,,,351712.4,349129.52,,
380.0,55pharr,2026-01-16,,,,,,,,,,,,327781.33,299282.18,,
381.0,55pharr,2026-02-16,,,,,,,,,,,,275047.05,262206.17,,
327.0,55pharr,2025-03-01,1655.91,1624.38,,,,211395.98,,186051.8,205864.46,133397.77,142268.1,,,198912.42,94.1
328.0,55pharr,2025-04-01,1623.59,1621.04,,,,200749.09,,214290.91,208060.2,134296.15,142508.98,,,186943.17,93.1
329.0,55pharr,2025-05-01,1623.59,1625.05,,,,201491.08,,223138.42,208215.88,135117.56,142513.65,,,188542.89,93.6
330.0,55pharr,2025-06-01,1598.59,1628.64,,,,211448.7,,159577.56,208371.71,138873.05,142518.32,,,200245.44,94.7
331.0,55pharr,2025-07-01,1598.59,1635.83,,,,196723.52,,232023.66,208527.66,134524.87,142698.0,,,183692.52,93.4
332.0,55pharr,2025-08-01,1548.59,1644.3,,,,196355.09,,181512.91,208683.75,139685.5,142702.68,,,189952.59,96.7
333.0,55pharr,2025-09-01,1548.59,1644.1,,,,205098.95,,194889.72,208839.95,163967.49,142532.37,,,188737.73,92.0
334.0,55pharr,2025-10-01,1548.59,1639.48,,,,191843.92,,158069.98,208996.3,142372.07,142362.06,,,175395.93,91.4
326.0,55pharr,2025-02-01,,,,,,210533.09,,176071.38,204691.49,141708.39,142057.92,,,196894.34,93.52180220220964
75.0,perryh,2026-02-01,1328.7,1299.17,,,14038.56,138394.55,,,,,,,,,89.86
248.0,kenplc,2024-11-01,1521.04,1281.75,303055.0,127430.0,174093.0,320616.0,,,,,,,,,45.7
249.0,kenplc,2024-12-01,1521.04,1285.33,303779.0,157665.0,171584.0,321392.0,,,,,,,,,46.61
250.0,kenplc,2025-01-01,1521.04,1281.0,296034.0,139556.0,188695.0,313153.0,,,,,,,,,39.74
251.0,kenplc,2025-02-01,1521.04,1290.37,298882.0,113310.0,193655.0,316184.0,,,,,,,,,38.75
252.0,kenplc,2025-03-01,1521.04,1299.54,312422.0,127754.0,194687.0,330227.0,,,,,,,,,41.04
253.0,kenplc,2025-04-01,1521.04,1305.96,316067.0,121813.0,178296.0,334170.0,,,,,,,,,46.64
254.0,kenplc,2025-05-01,1521.04,1310.0,321082.0,121313.0,167028.0,339435.0,,,,,,,,,50.79
255.0,kenplc,2025-06-01,1521.04,1322.63,323813.0,125285.0,154706.0,342261.0,,,,,,,,,54.79
284.0,turn,2025-12-01,1364.97,1384.03,259391.64,128430.2,3595.4,266102.72,,,,,,,,,98.65
285.0,turn,2026-01-01,1364.97,1381.0,265941.4,137045.45,1599.4,267623.89,,,,,,,,,99.4
286.0,turn,2026-02-01,1364.97,1374.12,,,5250.99,267812.36,,,,,,,,,98.04
335.0,55pharr,2025-11-01,1548.59,1641.36,,,,212171.56,,215250.54,209152.78,143686.42,142191.75,,,192773.66,90.9
336.0,55pharr,2025-12-01,1548.59,1643.28,,,,195576.17,,179592.46,209309.38,133320.19,142196.45,,,172842.52,88.4
337.0,55pharr,2026-01-01,1498.59,1631.13,,,,207078.21,,172752.98,191638.58,151266.75,144207.01,,,180904.39,87.4
382.0,55pharr,2026-02-01,1498.59,1629.17,,,,195190.3,,155827.25,193213.35,146236.92,151332.59,,,158157.35,81.0
,55pharr,2026-03-17,,,,,,,,,,,,176963.49,152117.48,,
,capella2,2025-03-01,,,,,,473571.07,,462380.91,485009.6,227122.66,253253.5,,,457763.69,96.7
,capella2,2025-04-01,,,,,,495410.44,,477466.29,485731.9,239419.69,248725.2,,,480357.97,97.0
,capella2,2025-05-01,,,,,,492720.02,,471293.43,486455.2,256325.27,248746.9,,,477212.39,96.9
,capella2,2025-06-01,,,,,,487733.82,,470682.39,487179.9,269023.91,252268.6,,,473412.51,97.1
,capella2,2025-07-01,,,,,,487007.32,,467818.54,487905.7,269619.81,253816.8,,,481428.62,98.9
,capella2,2025-08-01,,,,,,490709.84,,474024.31,488632.8,273079.14,248838.6,,,479501.24,97.7
,capella2,2025-09-01,,,,,,485517.07,,461202.64,489361.0,202267.98,235950.6,,,461750.06,95.1
,capella2,2025-10-01,,,,,,485414.31,,468310.44,490090.5,266860.07,247982.3,,,479763.68,98.8
,capella2,2025-11-01,,,,,,465011.6,,447345.63,490821.2,275917.94,247554.2,,,441056.1,94.8
,capella2,2025-12-01,,,,,,461575.91,,441506.37,491553.1,217793.51,247576.2,,,445836.2,96.6
,capella2,2026-01-01,,,,,,458845.06,,428368.16,449141.05,305690.23,250347.95,,,449121.83,97.9
,capella2,2026-02-01,,,,,,463870.06,,433824.99,455353.19,262344.96,250534.32,,,442612.52,95.4
,capella2,2026-03-01,,,,,,441280.47,,,,,,,,416438.44,94.4
,capella2,2021-11-01,,,,,,,,402170.0,375542.0,172797.0,160509.0,,,,
,capella2,2021-12-01,,,,,,,,393082.36,377126.38,181694.53,160556.96,,,,
,capella2,2022-01-01,,,,,,,,400862.26,376393.02,171175.98,180242.93,,,,
,capella2,2022-02-01,,,,,,,,399710.79,380440.74,186507.61,180468.53,,,,
,capella2,2022-03-01,,,,,,,,427971.04,384200.83,219841.55,180581.33,,,,
,capella2,2022-04-01,,,,,,,,419647.01,387702.3,177492.15,183419.38,,,,
,capella2,2022-05-01,,,,,,,,414818.55,395211.24,193205.09,183644.65,,,,
,capella2,2022-06-01,,,,,,,,436820.45,398271.16,195501.61,183736.44,,,,
,capella2,2022-07-01,,,,,,,,434983.03,401143.2,195534.07,191822.61,,,,
,capella2,2022-08-01,,,,,,,,451527.44,403846.41,233186.61,183903.7,,,,
,capella2,2022-09-01,,,,,,,,449233.98,406397.9,174097.71,183980.25,,,,
,capella2,2022-10-01,,,,,,,,436643.81,408817.0,274177.93,184054.0,,,,
,capella2,2022-11-01,,,,,,,,467363.49,411109.0,267371.71,184123.0,,,,
,capella2,2022-12-01,,,,,,,,456498.42,413291.0,300653.74,184189.0,,,,
,capella2,2023-01-01,,,,,,,,480393.32,446243.0,219744.11,205269.0,,,,
,capella2,2023-02-01,,,,,,,,466909.24,449433.0,162768.57,205365.0,,,,
,capella2,2023-03-01,,,,,,,,471822.75,452469.0,219759.54,205456.0,,,,
,capella2,2023-04-01,,,,,,,,466408.42,455363.0,240579.8,207636.0,,,,
,capella2,2023-05-01,,,,,,,,464016.66,458127.0,261651.57,207719.0,,,,
,capella2,2023-06-01,,,,,,,,476368.9,460773.0,263518.05,207798.0,,,,
,capella2,2023-07-01,,,,,,,,482352.19,463307.0,276285.27,215874.0,,,,
,capella2,2023-08-01,,,,,,,,485930.98,465743.0,262466.24,207947.0,,,,
,capella2,2023-09-01,,,,,,,,490538.79,468085.0,254088.72,208017.0,,,,
,capella2,2023-10-01,,,,,,,,488276.28,470343.0,264464.77,208085.0,,,,
,capella2,2023-11-01,,,,,,,,489856.74,472522.0,253918.56,208151.0,,,,
,capella2,2023-12-01,,,,,,,,499283.08,474632.0,263134.05,208214.0,,,,
,capella2,2024-01-01,,,,,,,,489754.17,480149.95,249610.84,253076.17,,,,
,capella2,2024-02-01,,,,,,,,493065.77,481481.95,251021.67,253116.13,,,,
,capella2,2024-03-01,,,,,,,,491605.95,482812.1,254918.53,253156.03,,,,
,capella2,2024-04-01,,,,,,,,493302.63,484140.51,249590.89,253195.88,,,,
,capella2,2024-05-01,,,,,,,,489983.34,485467.28,252147.19,288521.87,,,,
,capella2,2024-06-01,,,,,,,,462415.36,486792.48,229557.33,253275.44,,,,
,capella2,2024-07-01,,,,,,,,466292.34,488116.23,238992.68,253315.16,,,,
,capella2,2024-08-01,,,,,,,,458489.2,489438.6,261762.8,253354.83,,,,
,capella2,2024-09-01,,,,,,,,481598.94,490759.71,269245.12,253394.46,,,,
,capella2,2024-10-01,,,,,,,,469785.22,492079.61,252020.52,253434.06,,,,
,capella2,2024-11-01,,,,,,,,473706.87,493398.41,264366.27,253479.62,,,,
,capella2,2024-12-01,,,,,,,,468685.38,494716.2,234233.48,253513.16,,,,
,capella2,2025-01-01,,,,,,,,474548.94,476602.8,255127.12,252551.3,,,,
,capella2,2025-02-01,,,,,,,,472831.75,479636.9,259482.54,247642.3,,,,
,capella2,2022-09-15,,,,,,,,,,,,978873.48,887380.53,,
,capella2,2022-10-06,,,,,,,,,,,,337084.69,133244.6,,
,capella2,2022-11-14,,,,,,,,,,,,867781.0,818996.54,,
,capella2,2022-12-19,,,,,,,,,,,,1026764.31,998329.23,,
,capella2,2023-01-16,,,,,,,,,,,,745436.34,695322.76,,
,capella2,2023-02-16,,,,,,,,,,,,797191.87,783073.14,,
,capella2,2023-03-16,,,,,,,,,,,,870151.87,823216.21,,
,capella2,2023-04-18,,,,,,,,,,,,1349249.92,1319532.16,,
,capella2,2023-05-16,,,,,,,,,,,,1497873.05,1377712.16,,
,capella2,2023-06-15,,,,,,,,,,,,1569404.21,1463048.65,,
,capella2,2023-07-15,,,,,,,,,,,,1570848.72,1484680.16,,
,capella2,2023-08-17,,,,,,,,,,,,1538027.51,1429229.86,,
,capella2,2023-09-20,,,,,,,,,,,,1488781.52,1459096.15,,
,capella2,2023-10-16,,,,,,,,,,,,1527414.66,1500566.3,,
,capella2,2023-11-15,,,,,,,,,,,,1017319.33,981282.49,,
,capella2,2023-12-18,,,,,,,,,,,,927127.86,901582.67,,
,capella2,2023-01-18,,,,,,,,,,,,1008432.13,974574.97,,
,capella2,2024-02-15,,,,,,,,,,,,1075607.92,1012965.69,,
,capella2,2024-03-15,,,,,,,,,,,,821688.94,787536.91,,
,capella2,2024-04-16,,,,,,,,,,,,922546.69,917607.64,,
,capella2,2024-05-16,,,,,,,,,,,,981266.38,978021.43,,
,capella2,2024-06-17,,,,,,,,,,,,1044521.53,1009718.02,,
,capella2,2024-07-16,,,,,,,,,,,,425961.96,409840.98,,
,capella2,2024-08-16,,,,,,,,,,,,416297.67,314404.52,,
,capella2,2024-09-16,,,,,,,,,,,,368811.78,348314.25,,
,capella2,2024-10-16,,,,,,,,,,,,419303.0,414784.51,,
,capella2,2024-11-18,,,,,,,,,,,,414153.16,392194.08,,
,capella2,2024-12-17,,,,,,,,,,,,550019.88,533504.62,,
,capella2,2025-01-16,,,,,,,,,,,,459909.22,430668.76,,
,capella2,2025-02-17,,,,,,,,,,,,490540.31,468234.33,,
,capella2,2025-03-17,,,,,,,,,,,,528443.11,463793.22,,
,capella2,2025-04-16,,,,,,,,,,,,559188.34,538331.01,,
,capella2,2025-05-15,,,,,,,,,,,,604769.76,584440.26,,
,capella2,2025-06-17,,,,,,,,,,,,621899.29,611581.5,,
,capella2,2025-07-16,,,,,,,,,,,,654790.47,496937.66,,
,capella2,2025-08-18,,,,,,,,,,,,445720.48,354453.49,,
,capella2,2025-09-16,,,,,,,,,,,,423581.41,403212.87,,
,capella2,2025-10-16,,,,,,,,,,,,410443.48,386401.7,,
,capella2,2025-11-18,,,,,,,,,,,,368580.12,345486.93,,
,capella2,2025-12-17,,,,,,,,,,,,376464.15,365805.45,,
,capella2,2026-01-16,,,,,,,,,,,,267701.0,208172.65,,
,capella2,2026-02-16,,,,,,,,,,,,511361.19,432548.16,,
,capella2,2026-03-17,,,,,,,,,,,,520714.65,377595.34,,
