id,property_code,date,occupancy,leased,projection,make_ready,work_orders,turnover
1.0,georget,2025-02-10,98.04,98.04,98.04,3.0,1.0,
2.0,georget,2025-02-17,98.03,99.01,98.03,1.0,2.0,
3.0,georget,2025-02-24,100.0,100.0,100.0,1.0,8.0,
4.0,georget,2025-03-03,100.0,100.0,100.0,0.0,5.0,
5.0,georget,2025-03-10,100.0,100.0,100.0,0.0,4.0,
6.0,georget,2025-03-17,100.0,100.0,100.0,1.0,4.0,
7.0,georget,2025-03-24,100.0,100.0,100.0,1.0,4.0,
8.0,georget,2025-03-31,100.0,100.0,100.0,2.0,4.0,
9.0,georget,2025-04-07,98.04,100.0,98.04,3.0,8.0,
10.0,georget,2025-04-14,100.0,100.0,100.0,3.0,5.0,
11.0,georget,2025-04-21,100.0,100.0,100.0,4.0,10.0,
12.0,georget,2025-04-28,100.0,100.0,100.0,5.0,11.0,
13.0,georget,2025-05-05,97.06,99.02,97.06,5.0,6.0,
14.0,georget,2025-05-12,99.02,100.0,99.02,5.0,5.0,
15.0,georget,2025-05-19,100.0,100.0,100.0,5.0,5.0,
16.0,georget,2025-05-26,100.0,100.0,100.0,5.0,6.0,
17.0,georget,2025-06-02,95.1,99.02,95.1,6.0,2.0,
18.0,georget,2025-06-09,94.12,99.02,94.12,6.0,6.0,
19.0,georget,2025-06-16,94.12,99.02,94.12,5.0,1.0,
20.0,georget,2025-06-23,98.04,100.0,98.04,3.0,9.0,
21.0,georget,2025-06-30,99.02,100.0,99.02,3.0,4.0,
22.0,georget,2025-07-07,98.04,100.0,98.04,3.0,9.0,
23.0,georget,2025-07-14,99.02,100.0,99.02,2.0,6.0,
24.0,georget,2025-07-21,98.04,99.02,98.04,4.0,6.0,
25.0,georget,2025-07-28,99.02,99.02,99.02,2.0,9.0,
26.0,georget,2025-08-04,97.06,98.04,97.06,3.0,4.0,
27.0,georget,2025-08-11,96.08,98.04,96.08,3.0,3.0,
28.0,georget,2025-08-18,96.08,98.04,96.08,2.0,0.0,
29.0,georget,2025-08-25,97.06,98.04,97.06,2.0,5.0,
30.0,georget,2025-09-01,99.02,100.0,99.02,2.0,5.0,
31.0,georget,2025-09-08,99.02,99.02,99.02,1.0,2.0,
32.0,georget,2025-09-15,99.02,99.02,99.02,2.0,0.0,
33.0,georget,2025-09-22,99.02,99.02,99.02,2.0,2.0,
34.0,georget,2025-09-29,99.02,99.02,99.02,2.0,3.0,
35.0,georget,2025-10-06,98.04,100.0,98.04,2.0,4.0,
36.0,georget,2025-10-13,99.02,99.02,99.02,3.0,5.0,
37.0,georget,2025-10-20,99.02,99.02,99.02,3.0,2.0,
38.0,georget,2025-10-27,99.02,100.0,99.02,3.0,1.0,
39.0,georget,2025-11-03,99.02,100.0,99.02,4.0,2.0,
40.0,georget,2025-11-10,99.02,99.02,99.02,2.0,4.0,
41.0,georget,2025-11-17,99.02,99.02,99.02,3.0,5.0,
42.0,georget,2025-11-24,99.02,99.02,99.02,2.0,3.0,
43.0,georget,2025-12-01,99.02,99.02,99.02,3.0,5.0,
44.0,georget,2025-12-08,98.04,99.02,98.04,4.0,5.0,
45.0,georget,2025-12-15,98.04,98.04,98.04,4.0,4.0,
46.0,georget,2025-12-22,98.04,98.04,98.04,3.0,1.0,
47.0,georget,2025-12-29,98.08,98.04,98.08,3.0,1.0,
48.0,georget,2026-01-05,96.08,98.04,96.08,3.0,3.0,
49.0,georget,2026-01-12,96.08,97.06,96.08,4.0,3.0,
50.0,georget,2026-01-19,97.06,98.04,97.06,3.0,8.0,
51.0,georget,2026-01-26,97.05,99.01,97.05,2.0,2.0,
52.0,georget,2026-02-02,97.06,99.02,97.06,1.0,3.0,
1338.0,portico,2026-03-09,92.0,93.33,92.0,19.0,8.0,
54.0,georget,2026-02-16,98.04,100.0,98.04,1.0,4.0,
55.0,perryh,2021-06-14,87.96,91.67,87.96,,,
56.0,perryh,2021-06-21,87.04,96.3,87.04,,,
57.0,perryh,2021-06-28,88.89,96.3,88.89,,,
58.0,perryh,2021-07-05,88.89,97.22,88.89,,,
59.0,perryh,2021-07-12,89.81,97.22,89.81,,,
60.0,perryh,2021-07-19,91.67,99.07,91.67,,,
61.0,perryh,2021-07-26,89.81,95.37,89.81,,,
62.0,perryh,2021-08-02,90.74,93.52,90.74,,,
63.0,perryh,2021-08-09,89.81,93.52,89.81,,,
64.0,perryh,2021-08-16,93.52,96.3,93.52,,,
65.0,perryh,2021-08-23,94.44,100.0,94.44,,,
66.0,perryh,2021-08-30,96.3,99.07,96.3,,,
67.0,perryh,2021-09-07,96.3,100.0,96.3,,,
68.0,perryh,2021-09-13,95.37,99.07,95.37,,,
69.0,perryh,2021-09-20,96.3,98.15,96.3,,,
70.0,perryh,2021-09-27,95.37,100.0,95.37,,,
71.0,perryh,2021-10-04,94.44,99.07,94.44,,,
72.0,perryh,2021-10-11,94.44,99.07,94.44,,,
73.0,perryh,2021-10-18,95.37,98.15,95.37,,,
74.0,perryh,2021-10-25,95.37,100.0,95.37,,,
75.0,perryh,2021-11-01,95.37,99.07,95.37,,,
76.0,perryh,2021-11-08,94.44,100.0,94.44,,,
77.0,perryh,2021-11-15,95.37,97.22,95.37,,,
78.0,perryh,2021-11-22,95.37,98.15,95.37,,,
79.0,perryh,2021-11-29,94.44,98.15,94.44,,,
80.0,perryh,2021-12-06,94.44,98.15,94.44,,,
81.0,perryh,2021-12-13,95.37,96.3,95.37,,,
82.0,perryh,2021-12-20,94.44,95.37,94.44,,,
83.0,perryh,2021-12-27,94.44,95.37,94.44,,,
84.0,perryh,2022-01-03,94.44,94.44,94.44,,,
85.0,perryh,2022-01-10,91.67,94.44,91.67,,,
86.0,perryh,2022-01-17,90.74,98.15,90.74,,,
87.0,perryh,2022-01-24,91.67,97.22,91.67,,,
88.0,perryh,2022-01-31,93.52,95.37,93.52,,,
89.0,perryh,2022-02-07,93.52,96.3,93.52,,,
90.0,perryh,2022-02-14,92.59,92.59,92.59,,,
91.0,perryh,2022-02-21,93.52,95.37,93.52,,,
92.0,perryh,2022-02-28,94.44,98.15,94.44,,,
93.0,perryh,2022-03-07,95.37,97.22,95.37,,,
94.0,perryh,2022-03-14,96.3,98.15,96.3,,,
95.0,perryh,2022-03-21,94.44,96.3,94.44,,,
96.0,perryh,2022-03-28,94.44,96.3,94.44,,,
97.0,perryh,2022-04-04,92.59,97.22,92.59,,,
98.0,perryh,2022-04-11,93.52,97.22,93.52,,,
99.0,perryh,2022-04-18,94.44,97.22,94.44,,,
100.0,perryh,2022-04-25,93.52,99.07,93.52,,,
101.0,perryh,2022-05-02,97.22,99.07,97.22,,,
102.0,perryh,2022-05-09,96.3,100.0,96.3,,,
103.0,perryh,2022-05-16,97.22,100.0,97.22,,,
104.0,perryh,2022-05-23,98.15,100.0,98.15,,,
105.0,perryh,2022-05-30,98.15,100.0,98.15,,,
106.0,perryh,2022-06-06,97.22,100.0,97.22,,,
107.0,perryh,2022-06-13,94.44,99.07,94.44,,,
108.0,perryh,2022-06-20,95.37,99.07,95.37,,,
109.0,perryh,2022-06-27,95.37,99.07,95.37,,,
110.0,perryh,2022-07-11,95.37,100.0,95.37,,,
111.0,perryh,2022-07-18,95.37,100.0,95.37,,,
112.0,perryh,2022-07-25,96.3,100.0,96.3,,,
113.0,perryh,2022-08-01,92.59,98.15,92.59,,,
114.0,perryh,2022-08-08,91.67,95.37,91.67,,,
115.0,perryh,2022-08-15,87.96,98.15,87.96,,,
116.0,perryh,2022-08-22,88.89,98.15,88.89,,,
117.0,perryh,2022-08-29,88.89,99.15,88.89,,,
118.0,perryh,2022-09-05,92.59,99.07,92.59,,,
119.0,perryh,2022-09-12,91.66,97.22,91.66,,,
120.0,perryh,2022-09-19,91.66,99.07,91.66,,,
121.0,perryh,2022-09-26,92.59,98.15,92.59,,,
122.0,perryh,2022-10-17,95.37,100.0,95.37,,,
123.0,perryh,2022-10-24,96.3,100.0,96.3,,,
124.0,perryh,2022-10-31,94.44,100.0,94.44,,,
125.0,perryh,2022-11-07,95.37,99.07,95.37,,,
126.0,perryh,2022-11-14,96.3,100.0,96.3,,,
127.0,perryh,2022-11-21,97.22,99.07,97.22,,,
128.0,perryh,2022-11-28,97.22,99.07,97.22,,,
129.0,perryh,2022-12-05,96.3,100.0,96.3,,,
130.0,perryh,2022-12-12,98.14,99.07,98.14,,,
131.0,perryh,2022-12-19,96.3,99.07,96.3,,,
132.0,perryh,2023-01-09,98.15,100.0,98.15,,,
133.0,perryh,2023-01-23,97.22,98.18,97.22,,,
134.0,perryh,2023-01-30,96.29,97.22,96.29,,,
135.0,perryh,2023-02-06,95.37,98.14,95.37,,,
136.0,perryh,2023-02-13,95.37,98.15,95.37,,,
137.0,perryh,2023-02-20,97.22,98.15,97.22,,,
138.0,perryh,2023-02-27,96.3,98.15,96.3,,,
139.0,perryh,2023-03-06,95.37,97.22,95.37,,,
140.0,perryh,2023-03-13,96.3,98.15,96.3,,,
141.0,perryh,2023-03-20,97.22,99.07,97.22,,,
142.0,perryh,2023-03-27,97.22,99.07,97.22,,,
143.0,perryh,2023-04-03,96.3,99.07,96.3,,,
144.0,perryh,2023-04-10,95.37,98.15,95.37,,,
145.0,perryh,2023-04-17,95.37,99.07,95.37,,,
146.0,perryh,2023-04-24,95.37,97.22,95.37,,,
147.0,perryh,2023-05-01,95.37,97.22,95.37,,,
148.0,perryh,2023-05-08,93.53,94.44,93.53,,,
149.0,perryh,2023-05-15,93.52,94.44,93.52,,,
150.0,perryh,2023-05-22,93.51,93.51,93.51,,,
151.0,perryh,2023-05-29,90.74,89.81,90.74,18.0,6.0,
152.0,perryh,2023-06-05,89.81,93.52,89.81,19.0,7.0,
153.0,perryh,2023-06-12,89.81,94.44,89.81,29.0,7.0,
154.0,perryh,2023-06-19,90.74,95.37,90.74,24.0,5.0,
155.0,perryh,2023-06-26,90.74,96.29,90.74,19.0,7.0,
156.0,perryh,2023-07-03,90.74,93.52,90.74,16.0,5.0,
157.0,perryh,2023-07-10,88.88,92.59,88.88,16.0,4.0,
158.0,perryh,2023-07-17,87.96,93.52,87.96,24.0,6.0,
159.0,perryh,2023-07-24,87.04,91.67,87.04,22.0,8.0,
160.0,perryh,2023-07-31,88.88,92.59,88.88,20.0,8.0,
161.0,perryh,2023-08-07,88.89,93.52,88.89,18.0,9.0,
162.0,perryh,2023-08-14,88.88,93.51,88.88,25.0,5.0,
163.0,perryh,2023-08-21,88.89,95.37,88.89,22.0,2.0,
164.0,perryh,2023-08-28,87.03,94.44,87.03,20.0,11.0,
165.0,perryh,2023-09-04,87.04,92.59,87.04,21.0,2.0,
166.0,perryh,2023-09-11,87.03,91.66,87.03,25.0,1.0,
167.0,perryh,2023-09-18,85.19,91.67,85.19,20.0,0.0,
168.0,perryh,2023-09-25,86.11,90.74,86.11,17.0,7.0,
169.0,perryh,2023-10-02,87.04,92.59,87.04,16.0,2.0,
170.0,perryh,2023-10-09,84.25,88.88,84.25,19.0,0.0,
171.0,perryh,2023-10-16,85.19,89.81,85.19,30.0,7.0,
172.0,perryh,2023-10-23,85.19,89.81,85.19,28.0,5.0,
173.0,perryh,2023-10-30,81.48,87.04,81.48,24.0,2.0,
174.0,perryh,2023-11-06,79.63,87.04,79.63,21.0,0.0,
175.0,perryh,2023-11-13,81.48,86.11,81.48,28.0,2.0,
176.0,perryh,2023-11-20,82.41,86.11,82.41,21.0,0.0,
177.0,perryh,2023-11-27,84.25,87.03,84.25,17.0,3.0,
178.0,perryh,2023-12-04,85.19,87.96,85.19,15.0,4.0,
179.0,perryh,2023-12-11,81.48,87.96,81.48,15.0,9.0,
180.0,perryh,2023-12-18,79.63,85.19,79.63,26.0,4.0,
181.0,perryh,2023-12-25,79.63,87.04,79.63,26.0,4.0,
182.0,perryh,2024-01-01,81.48,86.11,81.48,23.0,5.0,
183.0,perryh,2024-01-08,79.63,87.04,79.63,20.0,10.0,
184.0,perryh,2024-01-15,83.33,87.96,83.33,22.0,6.0,
185.0,perryh,2024-01-22,85.18,89.81,85.18,18.0,5.0,
186.0,perryh,2024-01-29,84.26,90.74,84.26,14.0,4.0,
187.0,perryh,2024-02-05,86.11,91.66,86.11,13.0,8.0,
188.0,perryh,2024-02-12,88.89,94.44,88.89,12.0,12.0,
189.0,perryh,2024-02-19,88.88,96.29,88.88,14.0,7.0,
190.0,perryh,2024-02-26,91.67,97.22,91.67,11.0,12.0,
191.0,perryh,2024-03-04,91.67,94.44,91.67,10.0,12.0,
192.0,perryh,2024-03-11,91.66,98.14,91.66,10.0,0.0,
193.0,perryh,2024-03-18,94.44,95.37,94.44,16.0,0.0,
194.0,perryh,2024-03-25,93.52,94.44,93.52,15.0,1.0,
195.0,perryh,2024-04-01,93.52,96.3,93.52,14.0,4.0,
196.0,perryh,2024-04-08,93.52,95.37,93.52,13.0,2.0,
197.0,perryh,2024-04-15,91.67,92.59,91.67,19.0,0.0,
198.0,perryh,2024-04-22,91.67,95.37,91.67,18.0,0.0,
199.0,perryh,2024-04-29,91.67,99.07,91.67,19.0,0.0,
200.0,perryh,2024-05-06,92.59,100.0,92.59,17.0,0.0,
201.0,perryh,2024-05-13,93.52,97.22,93.52,15.0,0.0,
202.0,perryh,2024-05-20,94.44,100.0,94.44,15.0,0.0,
203.0,perryh,2024-05-27,93.52,99.07,93.52,15.0,1.0,
204.0,perryh,2024-06-03,95.37,99.07,95.37,15.0,5.0,
205.0,perryh,2024-06-10,97.22,99.07,97.22,11.0,7.0,
206.0,perryh,2024-06-17,97.22,100.0,97.22,16.0,2.0,
207.0,perryh,2024-06-24,97.22,100.0,97.22,12.0,1.0,
208.0,perryh,2024-07-01,97.22,98.15,97.22,11.0,3.0,
209.0,perryh,2024-07-08,96.3,97.22,96.3,12.0,3.0,
210.0,perryh,2024-07-15,96.29,100.0,96.29,11.0,2.0,
211.0,perryh,2024-07-22,97.22,98.14,97.22,8.0,2.0,
212.0,perryh,2024-07-29,97.22,100.0,97.22,12.0,4.0,
213.0,perryh,2024-08-05,95.37,98.15,95.37,13.0,1.0,
214.0,perryh,2024-08-12,95.37,98.15,95.37,14.0,4.0,
215.0,perryh,2024-08-19,96.29,99.07,96.29,20.0,4.0,
216.0,perryh,2024-08-26,93.52,98.15,93.52,16.0,5.0,
217.0,perryh,2024-09-02,93.52,97.22,93.52,15.0,4.0,
218.0,perryh,2024-09-09,89.81,92.59,89.81,16.0,3.0,
219.0,perryh,2024-09-16,89.81,91.67,89.81,15.0,5.0,
220.0,perryh,2024-09-23,88.88,91.66,88.88,15.0,8.0,
221.0,perryh,2024-09-30,87.96,92.59,87.96,13.0,6.0,
222.0,perryh,2024-10-07,88.89,97.22,88.89,10.0,3.0,
223.0,perryh,2024-10-14,92.59,97.22,92.59,17.0,6.0,
224.0,perryh,2024-10-21,93.51,96.29,93.51,12.0,3.0,
225.0,perryh,2024-10-28,94.44,98.15,94.44,9.0,12.0,
226.0,perryh,2024-11-04,93.51,97.22,93.51,9.0,7.0,
227.0,perryh,2024-11-11,92.59,98.15,92.59,8.0,17.0,
228.0,perryh,2024-11-18,93.51,98.14,93.51,9.0,10.0,
229.0,perryh,2024-11-25,93.52,98.15,93.52,8.0,4.0,
230.0,perryh,2024-12-02,94.44,96.29,94.44,6.0,13.0,
231.0,perryh,2024-12-09,95.37,97.22,95.37,9.0,6.0,
232.0,perryh,2024-12-16,95.37,98.14,95.37,10.0,12.0,
233.0,perryh,2024-12-23,96.29,99.07,96.29,6.0,9.0,
234.0,perryh,2024-12-30,97.22,100.0,97.22,4.0,9.0,
235.0,perryh,2025-01-06,98.14,100.0,98.14,3.0,6.0,
236.0,perryh,2025-01-13,99.07,100.0,99.07,3.0,11.0,
237.0,perryh,2025-01-20,100.0,100.0,100.0,7.0,7.0,
238.0,perryh,2025-01-27,97.22,99.07,97.22,5.0,8.0,
239.0,perryh,2025-02-03,97.22,99.07,97.22,7.0,9.0,
240.0,perryh,2025-02-10,98.15,99.07,98.15,8.0,8.0,
241.0,perryh,2025-02-17,93.52,95.37,93.52,19.0,1.0,
242.0,perryh,2025-02-24,92.59,93.52,92.59,13.0,1.0,
243.0,perryh,2025-03-03,92.59,94.4,92.59,10.0,3.0,
244.0,perryh,2025-03-10,92.59,94.44,92.59,13.0,5.0,
245.0,perryh,2025-03-17,92.59,94.44,92.59,21.0,2.0,
246.0,perryh,2025-03-24,92.59,97.22,92.59,14.0,2.0,
247.0,perryh,2025-03-31,92.59,95.37,92.59,15.0,4.0,
248.0,perryh,2025-04-07,90.74,93.52,90.74,14.0,4.0,
249.0,perryh,2025-04-18,89.8,93.5,89.8,20.0,6.0,
250.0,perryh,2025-04-21,87.96,91.67,87.96,22.0,9.0,
251.0,perryh,2025-04-28,87.96,93.52,87.96,19.0,5.0,
252.0,perryh,2025-05-05,86.11,93.52,86.11,15.0,7.0,
253.0,perryh,2025-05-12,87.04,94.44,87.04,12.0,3.0,
254.0,perryh,2025-05-19,89.81,94.44,89.81,15.0,2.0,
255.0,perryh,2025-05-26,89.81,94.44,89.81,12.0,0.0,
256.0,perryh,2025-06-02,90.74,95.37,90.74,11.0,14.0,
257.0,perryh,2025-06-09,90.74,93.52,90.74,11.0,5.0,
258.0,perryh,2025-06-16,89.81,91.67,89.81,14.0,17.0,
259.0,perryh,2025-06-23,89.81,92.59,89.81,14.0,10.0,
260.0,perryh,2025-06-30,87.04,92.59,87.04,16.0,9.0,
261.0,perryh,2025-07-07,88.89,95.37,88.89,13.0,8.0,
262.0,perryh,2025-07-14,92.59,97.22,92.59,18.0,11.0,
263.0,perryh,2025-07-21,91.67,97.22,91.67,13.0,12.0,
264.0,perryh,2025-07-28,93.52,97.22,93.52,11.0,13.0,
265.0,perryh,2025-08-04,95.37,97.22,95.37,10.0,8.0,
266.0,perryh,2025-08-11,95.37,96.3,95.37,10.0,11.0,
267.0,perryh,2025-08-18,94.44,98.15,94.44,16.0,10.0,
268.0,perryh,2025-08-25,94.44,98.15,94.44,12.0,8.0,
269.0,perryh,2025-09-01,92.59,97.22,92.59,12.0,11.0,
270.0,perryh,2025-09-08,91.67,96.3,91.67,9.0,7.0,
271.0,perryh,2025-09-15,89.81,98.15,89.81,16.0,8.0,
272.0,perryh,2025-09-22,92.59,98.15,92.59,14.0,8.0,
273.0,perryh,2025-09-29,92.59,96.3,92.59,13.0,7.0,
274.0,perryh,2025-10-06,92.59,97.22,92.59,12.0,3.0,
275.0,perryh,2025-10-13,93.52,97.22,93.52,22.0,7.0,
276.0,perryh,2025-10-20,94.77,97.22,94.77,15.0,9.0,
277.0,perryh,2025-10-27,91.67,95.37,91.67,12.0,5.0,
278.0,perryh,2025-11-03,91.67,94.44,91.67,11.0,3.0,
279.0,perryh,2025-11-10,91.67,95.37,91.67,12.0,3.0,
280.0,perryh,2025-11-17,91.67,94.44,91.67,18.0,5.0,
281.0,perryh,2025-11-24,91.67,97.22,91.67,14.0,5.0,
282.0,perryh,2025-12-01,89.81,97.22,89.81,13.0,7.0,
283.0,perryh,2025-12-08,94.44,96.3,94.44,11.0,4.0,
284.0,perryh,2025-12-15,94.44,97.22,94.44,14.0,3.0,
285.0,perryh,2025-12-22,96.3,99.07,96.3,12.0,9.0,
286.0,perryh,2025-12-29,96.3,99.07,96.3,11.0,7.0,
287.0,perryh,2026-01-05,97.22,100.0,97.22,12.0,13.0,
288.0,perryh,2026-01-12,95.37,97.22,95.37,22.0,7.0,
289.0,perryh,2026-01-19,93.52,95.37,93.52,18.0,3.0,
290.0,perryh,2026-01-26,91.67,94.44,91.67,14.0,6.0,
291.0,perryh,2026-02-02,90.74,95.35,90.74,13.0,0.0,
293.0,perryh,2026-02-16,92.59,93.52,92.59,10.0,5.0,
1339.0,georget,2026-03-09,97.05,100.0,97.05,1.0,3.0,
292.0,perryh,2026-02-09,91.66,94.44,91.66,11.0,6.0,
296.0,perryh,2026-02-24,91.66,94.44,91.66,11.0,6.0,
297.0,perryh,2026-02-25,91.66,94.44,91.66,11.0,6.0,
294.0,perryh,2026-02-23,91.66,94.44,91.66,11.0,6.0,
299.0,longvw,2021-01-01,97.04,100.0,97.04,,,
300.0,longvw,2021-01-08,97.78,100.0,97.78,,,
301.0,longvw,2021-01-15,97.78,100.0,97.78,,,
302.0,longvw,2021-01-22,97.78,100.0,97.78,,,
303.0,longvw,2021-01-29,97.78,100.0,97.78,,,
304.0,longvw,2021-02-05,97.78,98.52,97.78,,,
305.0,longvw,2021-02-12,98.52,99.26,98.52,,,
306.0,longvw,2021-02-19,98.52,99.26,98.52,,,
307.0,longvw,2021-02-26,99.26,99.26,99.26,,,
308.0,longvw,2021-03-05,99.26,99.26,99.26,,,
309.0,longvw,2021-03-12,97.78,99.26,97.78,,,
310.0,longvw,2021-03-19,97.78,99.26,97.78,,,
311.0,longvw,2021-03-26,99.26,99.26,99.26,,,
312.0,longvw,2021-04-02,99.26,99.26,99.26,,,
313.0,longvw,2021-04-09,97.79,99.26,97.79,,,
314.0,longvw,2021-04-16,96.3,98.52,96.3,,,
315.0,longvw,2021-04-23,95.56,97.78,95.56,,,
316.0,longvw,2021-04-30,96.3,97.78,96.3,,,
317.0,longvw,2021-05-07,97.04,97.78,97.04,,,
318.0,longvw,2021-05-14,97.78,97.78,97.78,,,
319.0,longvw,2021-05-21,98.52,97.78,98.52,,,
320.0,longvw,2021-05-28,98.52,97.78,98.52,,,
321.0,longvw,2021-06-07,97.04,99.26,97.04,,,
322.0,longvw,2021-06-14,97.04,100.0,97.04,,,
323.0,longvw,2021-06-21,98.52,100.0,98.52,,,
324.0,longvw,2021-06-28,97.78,99.26,97.78,,,
325.0,longvw,2021-07-05,97.78,100.0,97.78,,,
326.0,longvw,2021-07-12,97.78,100.0,97.78,,,
327.0,longvw,2021-07-19,98.52,100.0,98.52,,,
328.0,longvw,2021-07-26,97.78,100.0,97.78,,,
329.0,longvw,2021-07-31,97.04,100.0,97.04,,,
330.0,longvw,2021-08-09,96.3,100.0,96.3,,,
331.0,longvw,2021-08-16,97.78,100.0,97.78,,,
332.0,longvw,2021-08-23,98.52,100.0,98.52,,,
333.0,longvw,2021-08-30,99.26,100.0,99.26,,,
334.0,longvw,2021-09-06,97.04,100.0,97.04,,,
335.0,longvw,2021-09-13,97.78,100.0,97.78,,,
336.0,longvw,2021-09-20,98.52,100.0,98.52,,,
337.0,longvw,2021-09-27,98.52,100.0,98.52,,,
338.0,longvw,2021-10-04,98.52,100.0,98.52,,,
339.0,longvw,2021-10-11,99.26,100.0,99.26,,,
340.0,longvw,2021-10-18,99.26,100.0,99.26,,,
341.0,longvw,2021-10-25,99.26,100.0,99.26,,,
342.0,longvw,2021-11-01,97.78,100.0,97.78,,,
343.0,longvw,2021-11-08,97.04,100.0,97.04,,,
344.0,longvw,2021-11-15,97.78,100.0,97.78,,,
345.0,longvw,2021-11-22,97.78,100.0,97.78,,,
346.0,longvw,2021-11-29,97.78,100.0,97.78,,,
347.0,longvw,2021-12-06,98.52,99.26,98.52,,,
348.0,longvw,2021-12-13,98.52,99.26,98.52,,,
349.0,longvw,2021-12-20,97.78,99.26,97.78,,,
350.0,longvw,2021-12-27,97.78,99.26,97.78,,,
351.0,longvw,2022-01-03,97.78,99.26,97.78,,,
352.0,longvw,2022-01-10,97.04,99.26,97.04,,,
353.0,longvw,2022-01-17,98.52,98.52,98.52,,,
354.0,longvw,2022-01-24,98.52,99.26,98.52,,,
355.0,longvw,2022-01-31,97.78,99.26,97.78,,,
356.0,longvw,2022-02-07,95.56,98.52,95.56,,,
357.0,longvw,2022-02-14,96.3,98.52,96.3,,,
358.0,longvw,2022-02-21,96.3,98.52,96.3,,,
359.0,longvw,2022-02-28,95.56,98.52,95.56,,,
360.0,longvw,2022-03-07,95.56,97.78,95.56,,,
361.0,longvw,2022-03-14,95.56,99.26,95.56,,,
362.0,longvw,2022-03-21,97.78,99.26,97.78,,,
363.0,longvw,2022-03-28,98.52,99.26,98.52,,,
364.0,longvw,2022-04-04,96.3,97.78,96.3,,,
365.0,longvw,2022-04-11,97.04,97.78,97.04,,,
366.0,longvw,2022-04-18,95.56,97.78,95.56,,,
367.0,longvw,2022-04-25,94.81,98.52,94.81,,,
368.0,longvw,2022-05-02,95.56,98.52,95.56,,,
369.0,longvw,2022-05-09,95.55,98.51,95.55,,,
370.0,longvw,2022-05-16,96.3,98.52,96.3,,,
371.0,longvw,2022-05-23,96.3,99.26,96.3,,,
372.0,longvw,2022-05-30,97.04,99.26,97.04,,,
373.0,longvw,2022-06-06,97.04,99.26,97.04,,,
374.0,longvw,2022-06-13,95.53,97.78,95.53,,,
375.0,longvw,2022-06-20,95.53,98.51,95.53,,,
376.0,longvw,2022-06-27,93.33,95.56,93.33,,,
377.0,longvw,2022-07-11,90.37,94.81,90.37,,,
378.0,longvw,2022-07-18,92.59,96.3,92.59,,,
379.0,longvw,2022-07-25,93.33,96.3,93.33,,,
380.0,longvw,2022-08-01,94.07,96.3,94.07,,,
381.0,longvw,2022-08-08,94.81,96.3,94.81,,,
382.0,longvw,2022-08-15,94.07,97.04,94.07,,,
383.0,longvw,2022-08-22,94.07,99.26,94.07,,,
384.0,longvw,2022-08-29,95.56,99.26,95.56,,,
385.0,longvw,2022-09-06,96.3,98.52,96.3,,,
386.0,longvw,2022-09-12,94.07,97.78,94.07,,,
387.0,longvw,2022-09-19,95.55,97.78,95.55,,,
388.0,longvw,2022-09-26,95.55,97.03,95.55,,,
389.0,longvw,2022-10-17,97.78,98.52,97.78,,,
390.0,longvw,2022-10-24,97.78,98.52,97.78,,,
391.0,longvw,2022-10-31,97.04,97.78,97.04,,,
392.0,longvw,2022-11-07,97.04,98.52,97.04,,,
393.0,longvw,2022-11-14,97.04,97.04,97.04,,,
394.0,longvw,2022-11-21,95.56,97.04,95.56,,,
395.0,longvw,2022-11-28,95.56,97.78,95.56,,,
396.0,longvw,2022-12-05,96.3,97.78,96.3,,,
397.0,longvw,2022-12-12,96.3,97.78,96.3,,,
398.0,longvw,2022-12-19,95.55,97.03,95.55,,,
399.0,longvw,2023-01-09,93.33,94.81,93.33,,,
400.0,longvw,2023-01-16,92.59,95.55,92.59,,,
401.0,longvw,2023-01-23,92.59,94.81,92.59,,,
402.0,longvw,2023-01-30,92.59,94.07,92.59,,,
403.0,longvw,2023-02-06,92.59,95.56,92.59,,,
404.0,longvw,2023-02-13,94.07,97.77,94.07,,,
405.0,longvw,2023-02-20,95.56,97.78,95.56,,,
406.0,longvw,2023-02-27,94.81,99.26,94.81,,,
407.0,longvw,2023-03-06,97.04,98.52,97.04,,,
408.0,longvw,2023-03-13,97.03,97.77,97.03,,,
409.0,longvw,2023-03-20,95.56,97.04,95.56,,,
410.0,longvw,2023-03-27,94.07,94.81,94.07,,,
411.0,longvw,2023-04-03,92.59,92.59,92.59,,,
412.0,longvw,2023-04-10,90.37,93.33,90.37,,,
413.0,longvw,2023-04-17,90.37,94.81,90.37,,,
414.0,longvw,2023-04-24,88.89,95.56,88.89,,,
415.0,longvw,2023-05-01,88.13,93.33,88.13,,,
416.0,longvw,2023-05-08,90.37,94.07,90.37,,,
417.0,longvw,2023-05-15,87.4,94.07,87.4,,,
418.0,longvw,2023-05-22,90.37,94.81,90.37,,,
419.0,longvw,2023-05-29,91.84,94.81,91.84,21.0,8.0,
420.0,longvw,2023-06-05,91.85,94.07,91.85,,,
421.0,longvw,2023-06-12,91.85,94.81,91.85,,,
422.0,longvw,2023-06-19,91.11,96.3,91.11,19.0,5.0,
423.0,longvw,2023-06-26,91.85,98.52,91.85,,,
424.0,longvw,2023-07-03,96.3,100.0,96.3,,,
425.0,longvw,2023-07-10,96.3,100.0,96.3,,,
426.0,longvw,2023-07-17,97.04,100.0,97.04,,,
427.0,longvw,2023-07-24,94.81,97.78,94.81,,,
428.0,longvw,2023-07-31,94.81,98.5,94.81,,,
429.0,longvw,2023-08-07,94.07,97.04,94.07,21.0,2.0,
430.0,longvw,2023-08-14,94.07,100.0,94.07,21.0,3.0,
431.0,longvw,2023-08-21,94.81,100.0,94.81,20.0,7.0,
432.0,longvw,2023-08-28,97.04,99.26,97.04,12.0,7.0,
433.0,longvw,2023-09-04,94.81,98.52,94.81,12.0,5.0,
434.0,longvw,2023-09-11,94.81,99.26,94.81,8.0,4.0,
435.0,longvw,2023-09-18,97.78,99.26,97.78,6.0,4.0,
436.0,longvw,2023-09-25,99.26,100.0,99.26,4.0,3.0,
437.0,longvw,2023-10-02,98.52,99.26,98.52,5.0,6.0,
438.0,longvw,2023-10-09,98.52,99.26,98.52,6.0,1.0,
439.0,longvw,2023-10-16,97.78,98.52,97.78,6.0,0.0,
440.0,longvw,2023-10-23,97.78,99.26,97.78,8.0,5.0,
441.0,longvw,2023-11-06,97.78,98.52,97.78,9.0,2.0,
442.0,longvw,2023-11-13,97.04,98.52,97.04,11.0,3.0,
443.0,longvw,2023-11-20,96.3,97.04,96.3,11.0,3.0,
444.0,longvw,2023-11-27,96.3,97.04,96.3,11.0,2.0,
445.0,longvw,2023-12-04,94.07,95.56,94.07,10.0,0.0,
446.0,longvw,2023-12-11,94.81,96.3,94.81,14.0,4.0,
447.0,longvw,2023-12-18,95.56,97.04,95.56,12.0,2.0,
448.0,longvw,2023-12-25,94.81,96.3,94.81,10.0,1.0,
449.0,longvw,2024-01-01,94.81,96.3,94.81,9.0,2.0,
450.0,longvw,2024-01-08,94.81,96.3,94.81,13.0,3.0,
451.0,longvw,2024-01-15,95.56,97.78,95.56,12.0,3.0,
452.0,longvw,2024-01-22,95.56,96.3,95.56,11.0,10.0,
453.0,longvw,2024-01-29,95.56,96.3,95.56,12.0,5.0,
454.0,longvw,2024-02-05,94.81,96.3,94.81,13.0,4.0,
455.0,longvw,2024-02-12,94.81,95.56,94.81,12.0,1.0,
456.0,longvw,2024-02-19,95.56,98.52,95.56,11.0,1.0,
457.0,longvw,2024-02-26,94.81,98.52,94.81,12.0,4.0,
458.0,longvw,2024-03-04,94.81,97.04,94.81,13.0,1.0,
459.0,longvw,2024-03-11,95.56,97.78,95.56,12.0,3.0,
460.0,longvw,2024-03-18,97.78,98.52,97.78,17.0,4.0,
461.0,longvw,2024-03-25,97.04,97.04,97.04,15.0,1.0,
462.0,longvw,2024-04-01,96.3,97.78,96.3,14.0,3.0,
463.0,longvw,2024-04-08,95.56,97.04,95.56,14.0,1.0,
464.0,longvw,2024-04-15,96.3,97.04,96.3,12.0,7.0,
465.0,longvw,2024-04-22,95.56,96.3,95.56,16.0,7.0,
466.0,longvw,2024-04-29,94.07,97.04,94.07,20.0,1.0,
467.0,longvw,2024-05-06,92.59,94.81,92.59,21.0,3.0,
468.0,longvw,2024-05-13,93.33,94.81,93.33,19.0,5.0,
469.0,longvw,2024-05-20,91.85,92.59,91.85,24.0,5.0,
470.0,longvw,2024-05-27,91.85,93.33,91.85,23.0,3.0,
471.0,longvw,2024-06-03,92.59,92.59,92.59,18.0,4.0,
472.0,longvw,2024-06-10,91.85,93.33,91.85,19.0,1.0,
473.0,longvw,2024-06-17,91.11,93.33,91.11,22.0,4.0,
474.0,longvw,2024-06-24,91.11,94.07,91.11,22.0,2.0,
475.0,longvw,2024-07-01,90.37,92.59,90.37,23.0,9.0,
476.0,longvw,2024-07-08,86.67,94.07,86.67,24.0,6.0,
477.0,longvw,2024-07-15,85.93,93.33,85.93,22.0,4.0,
478.0,longvw,2024-07-22,88.89,93.33,88.89,22.0,2.0,
479.0,longvw,2024-07-29,88.89,94.07,88.89,19.0,2.0,
480.0,longvw,2024-08-05,91.85,94.81,91.85,19.0,3.0,
481.0,longvw,2024-08-12,93.33,95.56,93.33,18.0,7.0,
482.0,longvw,2024-08-19,93.33,94.81,93.33,22.0,4.0,
483.0,longvw,2024-08-26,91.85,94.07,91.85,20.0,1.0,
484.0,longvw,2024-09-02,93.33,94.07,93.33,21.0,1.0,
485.0,longvw,2024-09-09,90.37,91.85,90.37,21.0,4.0,
486.0,longvw,2024-09-16,88.89,91.11,88.89,20.0,4.0,
487.0,longvw,2024-09-23,87.41,88.15,87.41,19.0,4.0,
488.0,longvw,2024-09-30,87.41,88.89,87.41,19.0,4.0,
489.0,longvw,2024-10-07,86.67,90.37,86.67,17.0,3.0,
490.0,longvw,2024-10-14,87.41,97.78,87.41,14.0,6.0,
491.0,longvw,2024-10-21,89.63,97.78,89.63,17.0,6.0,
492.0,longvw,2024-10-28,89.63,97.78,89.63,13.0,6.0,
493.0,longvw,2024-11-04,93.33,100.0,93.33,12.0,4.0,
494.0,longvw,2024-11-11,95.56,100.0,95.56,11.0,3.0,
495.0,longvw,2024-11-18,95.56,99.26,95.56,19.0,2.0,
496.0,longvw,2024-11-25,95.56,99.26,95.56,15.0,3.0,
497.0,longvw,2024-12-02,95.56,99.26,95.56,11.0,3.0,
498.0,longvw,2024-12-09,95.56,97.78,95.56,13.0,6.0,
499.0,longvw,2024-12-16,95.56,98.52,95.56,12.0,5.0,
500.0,longvw,2024-12-23,97.78,98.52,97.78,16.0,5.0,
501.0,longvw,2024-12-30,97.04,98.52,97.04,14.0,12.0,
502.0,longvw,2025-01-06,97.04,98.52,97.04,12.0,11.0,
503.0,longvw,2025-01-13,97.04,100.0,97.04,15.0,4.0,
504.0,longvw,2025-01-20,97.78,100.0,97.78,12.0,7.0,
505.0,longvw,2025-01-27,97.78,100.0,97.78,11.0,10.0,
506.0,longvw,2025-02-03,98.52,100.0,98.52,11.0,3.0,
507.0,longvw,2025-02-10,96.3,97.78,96.3,14.0,1.0,
508.0,longvw,2025-02-17,94.81,97.04,94.81,12.0,7.0,
509.0,longvw,2025-02-24,94.07,97.77,94.07,9.0,0.0,
510.0,longvw,2025-03-03,94.07,97.04,94.07,6.0,10.0,
511.0,longvw,2025-03-10,94.81,97.04,94.81,6.0,3.0,
512.0,longvw,2025-03-17,95.56,97.04,95.56,9.0,1.0,
513.0,longvw,2025-03-24,95.56,97.04,95.56,4.0,2.0,
514.0,longvw,2025-03-31,95.56,97.78,95.56,4.0,8.0,
515.0,longvw,2025-04-07,96.3,97.78,96.3,2.0,9.0,
516.0,longvw,2025-04-14,96.3,99.26,96.3,6.0,0.0,
517.0,longvw,2025-04-21,96.3,99.26,96.3,8.0,7.0,
518.0,longvw,2025-04-28,96.3,98.52,96.3,5.0,5.0,
519.0,longvw,2025-05-05,97.78,97.78,97.78,6.0,6.0,
520.0,longvw,2025-05-12,97.78,98.52,97.78,8.0,4.0,
521.0,longvw,2025-05-19,97.04,98.52,97.04,14.0,4.0,
522.0,longvw,2025-05-26,97.78,99.26,97.78,16.0,5.0,
523.0,longvw,2025-06-02,97.78,99.26,97.78,13.0,5.0,
524.0,longvw,2025-06-09,97.04,98.52,97.04,12.0,11.0,
525.0,longvw,2025-06-16,96.3,97.78,96.3,17.0,8.0,
526.0,longvw,2025-06-23,96.3,97.78,96.3,12.0,2.0,
527.0,longvw,2025-06-30,97.04,97.78,97.04,14.0,3.0,
528.0,longvw,2025-07-07,95.56,96.3,95.56,16.0,6.0,
529.0,longvw,2025-07-14,94.81,96.3,94.81,24.0,5.0,
530.0,longvw,2025-07-21,93.33,95.56,93.33,23.0,4.0,
531.0,longvw,2025-07-28,94.07,94.81,94.07,22.0,2.0,
532.0,longvw,2025-08-04,94.07,94.81,94.07,20.0,4.0,
533.0,longvw,2025-08-11,93.33,94.07,93.33,18.0,5.0,
534.0,longvw,2025-08-18,92.59,93.33,92.59,24.0,3.0,
535.0,longvw,2025-08-25,93.33,93.33,93.33,21.0,5.0,
536.0,longvw,2025-09-01,94.07,94.07,94.07,20.0,4.0,
537.0,longvw,2025-09-08,91.85,92.59,91.85,20.0,2.0,
538.0,longvw,2025-09-15,88.15,91.11,88.15,23.0,1.0,
539.0,longvw,2025-09-22,88.15,91.85,88.15,20.0,1.0,
540.0,longvw,2025-09-29,90.37,91.85,90.37,18.0,5.0,
541.0,longvw,2025-10-06,88.89,90.37,88.89,15.0,2.0,
542.0,longvw,2025-10-13,88.89,91.11,88.89,20.0,2.0,
543.0,longvw,2025-10-20,88.89,92.59,88.89,19.0,2.0,
544.0,longvw,2025-10-27,87.41,91.85,87.41,17.0,2.0,
545.0,longvw,2025-11-03,88.15,90.37,88.15,13.0,3.0,
546.0,longvw,2025-11-10,88.15,92.59,88.15,16.0,7.0,
547.0,longvw,2025-11-17,87.41,92.59,87.41,14.0,3.0,
548.0,longvw,2025-11-24,89.63,91.85,89.63,14.0,3.0,
549.0,longvw,2025-12-01,89.63,91.85,89.63,14.0,6.0,
550.0,longvw,2025-12-08,90.37,91.85,90.37,12.0,9.0,
551.0,longvw,2025-12-15,91.11,95.56,91.11,16.0,3.0,
552.0,longvw,2025-12-22,91.85,94.07,91.85,8.0,4.0,
553.0,longvw,2025-12-29,92.59,94.07,92.59,7.0,2.0,
554.0,longvw,2026-01-05,91.11,91.85,91.11,7.0,1.0,
555.0,longvw,2026-01-12,91.85,92.59,91.85,6.0,6.0,
556.0,longvw,2026-01-19,92.59,94.07,92.59,15.0,5.0,
557.0,longvw,2026-01-26,92.59,93.33,92.59,11.0,3.0,
558.0,longvw,2026-02-02,92.59,93.33,92.59,9.0,4.0,
560.0,longvw,2026-02-16,93.33,95.56,93.33,11.0,4.0,
561.0,longvw,2026-02-23,93.33,94.07,93.33,6.0,4.0,
562.0,portico,2024-12-30,96.0,98.7,96.0,6.0,33.0,
563.0,portico,2025-01-06,97.33,98.0,97.33,5.0,41.0,
564.0,portico,2025-01-13,96.67,97.33,96.67,9.0,35.0,
565.0,portico,2025-01-20,96.67,97.33,96.67,11.0,20.0,
566.0,portico,2025-01-27,97.33,97.33,97.33,10.0,23.0,
567.0,portico,2025-02-03,97.33,98.0,97.33,10.0,21.0,
568.0,portico,2025-02-10,98.0,99.33,98.0,10.0,27.0,
569.0,portico,2025-02-17,97.33,98.0,97.33,12.0,15.0,
570.0,portico,2025-02-24,97.33,98.0,97.33,11.0,22.0,
571.0,portico,2025-03-03,96.66,98.0,96.66,10.0,28.0,
572.0,portico,2025-03-10,97.3,97.3,97.3,9.0,7.0,
573.0,portico,2025-03-17,96.0,96.0,96.0,9.0,8.0,
574.0,portico,2025-03-24,96.0,96.0,96.0,12.0,2.0,
575.0,portico,2025-03-31,96.0,96.0,96.0,9.0,3.0,
576.0,portico,2025-04-07,98.0,98.0,98.0,8.0,12.0,
577.0,portico,2025-04-14,96.0,96.0,96.0,11.0,2.0,
578.0,portico,2025-04-21,96.0,97.33,96.0,13.0,8.0,
579.0,portico,2025-04-28,96.0,97.33,96.0,13.0,5.0,
580.0,portico,2025-05-05,96.0,98.0,96.0,13.0,20.0,
581.0,portico,2025-05-12,94.67,96.0,94.67,16.0,8.0,
582.0,portico,2025-05-19,95.33,95.33,95.33,17.0,5.0,
583.0,portico,2025-05-26,95.33,96.0,95.33,17.0,8.0,
584.0,portico,2025-06-02,96.0,96.0,96.0,17.0,3.0,
585.0,portico,2025-06-09,95.33,96.0,95.33,19.0,13.0,
586.0,portico,2025-06-16,95.33,96.67,95.33,18.0,4.0,
587.0,portico,2025-06-23,96.0,98.0,96.0,17.0,7.0,
588.0,portico,2025-06-30,95.33,97.33,95.33,19.0,12.0,
589.0,portico,2025-07-07,96.67,96.67,96.67,18.0,9.0,
590.0,portico,2025-07-14,93.33,95.33,93.33,23.0,10.0,
591.0,portico,2025-07-21,94.0,96.0,94.0,25.0,11.0,
592.0,portico,2025-07-28,94.67,96.0,94.67,24.0,13.0,
593.0,portico,2025-08-04,95.3,96.0,95.3,23.0,17.0,
594.0,portico,2025-08-11,94.67,94.67,94.67,24.0,13.0,
595.0,portico,2025-08-18,95.33,96.0,95.33,22.0,12.0,
596.0,portico,2025-08-25,94.0,95.33,94.0,23.0,7.0,
597.0,portico,2025-09-01,95.33,98.0,95.33,21.0,12.0,
598.0,portico,2025-09-08,95.33,97.33,95.33,20.0,6.0,
599.0,portico,2025-09-15,95.33,96.67,95.33,24.0,5.0,
600.0,portico,2025-09-22,95.33,97.33,95.33,17.0,5.0,
601.0,portico,2025-09-29,95.33,98.0,95.33,15.0,7.0,
602.0,portico,2025-10-06,95.33,96.0,95.33,16.0,11.0,
603.0,portico,2025-10-13,94.0,96.0,94.0,20.0,10.0,
604.0,portico,2025-10-20,94.67,96.67,94.67,20.0,6.0,
605.0,portico,2025-10-27,94.67,97.33,94.67,19.0,12.0,
606.0,portico,2025-11-03,96.0,97.33,96.0,21.0,17.0,
607.0,portico,2025-11-10,96.67,98.0,96.67,21.0,9.0,
608.0,portico,2025-11-17,97.33,98.0,97.33,22.0,7.0,
609.0,portico,2025-11-24,97.33,98.67,97.33,22.0,4.0,
610.0,portico,2025-12-01,98.0,96.67,98.0,23.0,9.0,
611.0,portico,2025-12-08,96.0,96.67,96.0,20.0,4.0,
612.0,portico,2025-12-15,96.0,96.67,96.0,23.0,9.0,
613.0,portico,2025-12-22,95.33,95.33,95.33,20.0,5.0,
614.0,portico,2025-12-29,94.67,95.33,94.67,20.0,11.0,
615.0,portico,2026-01-05,93.33,94.0,93.33,21.0,15.0,
616.0,portico,2026-01-12,92.0,92.67,92.0,18.0,8.0,
617.0,portico,2026-01-19,93.33,93.33,93.33,21.0,11.0,
618.0,portico,2026-01-26,93.33,94.0,93.33,20.0,6.0,
619.0,portico,2026-02-02,92.67,93.33,92.67,21.0,9.0,
620.0,portico,2026-02-09,92.0,93.33,92.0,20.0,6.0,
621.0,portico,2026-02-16,92.0,94.67,92.0,21.0,8.0,
623.0,abbeylk,2022-10-31,95.39,98.68,95.39,,,
624.0,abbeylk,2022-11-07,95.39,98.03,95.39,,,
625.0,abbeylk,2022-11-14,94.74,98.03,94.74,,,
626.0,abbeylk,2022-11-21,94.74,98.03,94.74,,,
627.0,abbeylk,2022-11-28,94.07,97.36,94.07,,,
628.0,abbeylk,2022-12-05,93.42,96.71,93.42,,,
629.0,abbeylk,2022-12-12,93.42,96.71,93.42,,,
630.0,abbeylk,2022-12-19,92.76,96.71,92.76,,,
631.0,abbeylk,2023-01-09,92.76,97.37,92.76,,,
632.0,abbeylk,2023-01-23,94.08,98.03,94.08,,,
633.0,abbeylk,2023-01-30,94.08,99.34,94.08,,,
634.0,abbeylk,2023-02-06,92.76,98.02,92.76,,,
635.0,abbeylk,2023-02-13,92.76,98.03,92.76,,,
636.0,abbeylk,2023-02-20,94.08,98.68,94.08,,,
637.0,abbeylk,2023-02-27,95.39,99.34,95.39,,,
638.0,abbeylk,2023-03-06,94.08,98.68,94.08,,,
639.0,abbeylk,2023-03-13,93.4,99.3,93.4,,,
640.0,abbeylk,2023-03-20,95.39,100.0,95.39,,,
641.0,abbeylk,2023-03-27,95.39,100.0,95.39,,,
642.0,abbeylk,2023-04-03,95.39,100.0,95.39,,,
643.0,abbeylk,2023-04-10,96.71,99.34,96.71,,,
644.0,abbeylk,2023-04-17,98.03,100.0,98.03,,,
645.0,abbeylk,2023-04-24,97.37,99.34,97.37,9.0,2.0,
646.0,abbeylk,2023-05-01,97.36,99.34,97.36,9.0,1.0,
647.0,abbeylk,2023-05-08,97.37,99.34,97.37,11.0,2.0,
648.0,abbeylk,2023-05-15,98.02,98.68,98.02,13.0,4.0,
649.0,abbeylk,2023-05-22,96.05,99.34,96.05,13.0,2.0,
650.0,abbeylk,2023-05-29,96.71,99.34,96.71,14.0,5.0,
651.0,abbeylk,2023-06-05,93.42,98.03,93.42,16.0,1.0,
652.0,abbeylk,2023-06-12,92.76,98.68,92.76,17.0,3.0,
653.0,abbeylk,2023-06-19,94.08,98.68,94.08,20.0,2.0,
654.0,abbeylk,2023-06-26,92.76,96.05,92.76,18.0,3.0,
655.0,abbeylk,2023-07-03,92.11,96.05,92.11,18.0,0.0,
656.0,abbeylk,2023-07-10,90.13,95.39,90.13,18.0,2.0,
657.0,abbeylk,2023-07-17,90.13,96.71,90.13,18.0,0.0,
658.0,abbeylk,2023-07-24,89.47,96.05,89.47,19.0,2.0,
659.0,abbeylk,2023-07-31,90.79,98.03,90.79,17.0,1.0,
660.0,abbeylk,2023-08-07,91.44,99.34,91.44,16.0,1.0,
661.0,abbeylk,2023-08-14,94.74,99.34,94.74,18.0,3.0,
662.0,abbeylk,2023-08-21,96.05,99.34,96.05,17.0,4.0,
663.0,abbeylk,2023-08-28,94.73,100.0,94.73,18.0,2.0,
664.0,abbeylk,2023-09-04,94.08,100.0,94.08,19.0,4.0,
559.0,longvw,2026-02-09,93.33,94.07,93.33,6.0,4.0,
622.0,portico,2026-02-23,92.0,93.33,92.0,19.0,8.0,
1340.0,abbeylk,2026-03-16,93.42,96.71,93.42,15.0,8.0,
665.0,abbeylk,2023-09-11,94.73,99.34,94.73,19.0,2.0,
666.0,abbeylk,2023-09-18,94.74,98.68,94.74,19.0,1.0,
667.0,abbeylk,2023-09-25,94.74,98.03,94.74,18.0,0.0,
668.0,abbeylk,2023-10-02,95.39,98.68,95.39,14.0,5.0,
669.0,abbeylk,2023-10-09,93.42,100.0,93.42,17.0,2.0,
670.0,abbeylk,2023-10-16,93.42,99.34,93.42,22.0,2.0,
671.0,abbeylk,2023-10-23,93.42,98.68,93.42,17.0,3.0,
672.0,abbeylk,2023-10-30,94.74,98.03,94.74,17.0,1.0,
673.0,abbeylk,2023-11-06,94.73,99.34,94.73,19.0,0.0,
674.0,abbeylk,2023-11-13,93.42,99.34,93.42,24.0,2.0,
675.0,abbeylk,2023-11-20,93.42,99.34,93.42,22.0,1.0,
676.0,abbeylk,2023-11-27,94.74,98.68,94.74,19.0,3.0,
677.0,abbeylk,2023-12-04,93.42,98.68,93.42,17.0,4.0,
678.0,abbeylk,2023-12-11,93.42,98.68,93.42,16.0,0.0,
679.0,abbeylk,2023-12-18,95.39,97.37,95.39,18.0,5.0,
680.0,abbeylk,2023-12-25,94.74,96.71,94.74,14.0,3.0,
681.0,abbeylk,2024-01-01,94.08,96.71,94.08,16.0,5.0,
682.0,abbeylk,2024-01-08,92.76,96.05,92.76,16.0,4.0,
683.0,abbeylk,2024-01-15,92.11,95.39,92.11,21.0,7.0,
684.0,abbeylk,2024-01-22,92.1,94.73,92.1,17.0,2.0,
685.0,abbeylk,2024-01-29,92.76,96.05,92.76,14.0,4.0,
686.0,abbeylk,2024-02-05,92.11,95.39,92.11,14.0,3.0,
687.0,abbeylk,2024-02-12,92.1,96.05,92.1,19.0,3.0,
688.0,abbeylk,2024-02-19,92.76,95.39,92.76,17.0,9.0,
689.0,abbeylk,2024-02-26,93.42,96.71,93.42,12.0,3.0,
690.0,abbeylk,2024-03-04,91.45,94.08,91.45,14.0,0.0,
691.0,abbeylk,2024-03-11,91.44,94.07,91.44,17.0,2.0,
692.0,abbeylk,2024-03-18,92.11,94.74,92.11,16.0,3.0,
693.0,abbeylk,2024-03-25,92.76,94.73,92.76,17.0,2.0,
694.0,abbeylk,2024-04-01,93.42,96.05,93.42,18.0,1.0,
695.0,abbeylk,2024-04-08,93.42,97.37,93.42,18.0,1.0,
696.0,abbeylk,2024-04-15,93.42,97.37,93.42,17.0,0.0,
697.0,abbeylk,2024-04-22,94.73,96.71,94.73,18.0,3.0,
698.0,abbeylk,2024-04-29,93.42,97.37,93.42,19.0,5.0,
699.0,abbeylk,2024-05-06,92.11,98.03,92.11,20.0,2.0,
700.0,abbeylk,2024-05-13,94.07,97.36,94.07,14.0,0.0,
701.0,abbeylk,2024-05-20,93.42,98.03,93.42,14.0,0.0,
702.0,abbeylk,2024-05-27,93.42,98.68,93.42,11.0,1.0,
703.0,abbeylk,2024-06-03,93.42,98.68,93.42,9.0,0.0,
704.0,abbeylk,2024-06-10,94.08,100.0,94.08,9.0,2.0,
705.0,abbeylk,2024-06-17,95.39,100.0,95.39,10.0,2.0,
706.0,abbeylk,2024-06-24,97.36,100.0,97.36,6.0,3.0,
707.0,abbeylk,2024-07-01,98.03,100.0,98.03,6.0,11.0,
708.0,abbeylk,2024-07-08,97.36,100.0,97.36,6.0,4.0,
709.0,abbeylk,2024-07-15,98.03,99.34,98.03,6.0,6.0,
710.0,abbeylk,2024-07-22,98.02,100.0,98.02,7.0,2.0,
711.0,abbeylk,2024-07-29,98.03,100.0,98.03,7.0,5.0,
712.0,abbeylk,2024-08-05,96.71,98.68,96.71,6.0,7.0,
713.0,abbeylk,2024-08-12,98.02,98.68,98.02,7.0,5.0,
714.0,abbeylk,2024-08-19,97.37,99.34,97.37,9.0,3.0,
715.0,abbeylk,2024-08-26,97.36,99.34,97.36,8.0,1.0,
716.0,abbeylk,2024-09-02,97.37,100.0,97.37,9.0,4.0,
717.0,abbeylk,2024-09-09,98.02,99.34,98.02,9.0,3.0,
718.0,abbeylk,2024-09-16,98.02,100.0,98.02,9.0,7.0,
719.0,abbeylk,2024-09-23,96.71,98.68,96.71,9.0,2.0,
720.0,abbeylk,2024-09-30,97.37,99.34,97.37,9.0,4.0,
721.0,abbeylk,2024-10-07,98.02,100.0,98.02,7.0,3.0,
722.0,abbeylk,2024-10-14,98.03,100.0,98.03,12.0,3.0,
723.0,abbeylk,2024-10-21,98.68,100.0,98.68,10.0,1.0,
724.0,abbeylk,2024-10-28,98.68,100.0,98.68,7.0,3.0,
725.0,abbeylk,2024-11-04,98.02,98.68,98.02,6.0,1.0,
726.0,abbeylk,2024-11-11,97.36,98.68,97.36,6.0,0.0,
727.0,abbeylk,2024-11-18,96.05,98.03,96.05,13.0,2.0,
728.0,abbeylk,2024-11-25,95.39,98.02,95.39,11.0,1.0,
729.0,abbeylk,2024-12-02,94.74,96.05,94.74,13.0,4.0,
730.0,abbeylk,2024-12-09,95.39,96.71,95.39,12.0,5.0,
731.0,abbeylk,2024-12-16,96.05,96.71,96.05,13.0,4.0,
732.0,abbeylk,2024-12-23,96.05,96.71,96.05,13.0,4.0,
733.0,abbeylk,2024-12-30,96.05,96.71,96.05,12.0,3.0,
734.0,abbeylk,2025-01-06,95.39,96.71,95.39,13.0,3.0,
735.0,abbeylk,2025-01-13,94.74,98.03,94.74,18.0,0.0,
736.0,abbeylk,2025-01-20,94.08,98.68,94.08,17.0,1.0,
737.0,abbeylk,2025-01-27,93.42,98.02,93.42,15.0,1.0,
738.0,abbeylk,2025-02-03,93.42,96.71,93.42,17.0,3.0,
739.0,abbeylk,2025-02-10,92.76,94.74,92.76,14.0,4.0,
740.0,abbeylk,2025-02-17,93.42,94.74,93.42,16.0,6.0,
741.0,abbeylk,2025-02-24,92.76,95.39,92.76,16.0,5.0,
742.0,abbeylk,2025-03-03,92.11,96.05,92.11,16.0,4.0,
743.0,abbeylk,2025-03-10,92.76,97.37,92.76,15.0,2.0,
744.0,abbeylk,2025-03-17,93.42,99.34,93.42,15.0,3.0,
745.0,abbeylk,2025-03-24,94.08,98.68,94.08,13.0,1.0,
746.0,abbeylk,2025-03-31,92.76,98.03,92.76,12.0,4.0,
747.0,abbeylk,2025-04-07,92.76,98.03,92.76,11.0,3.0,
748.0,abbeylk,2025-04-14,92.76,98.03,92.76,14.0,6.0,
749.0,abbeylk,2025-04-21,93.42,98.03,93.42,11.0,3.0,
750.0,abbeylk,2025-04-28,94.74,98.03,94.74,13.0,9.0,
751.0,abbeylk,2025-05-05,95.39,98.03,95.39,13.0,9.0,
752.0,abbeylk,2025-05-12,94.74,97.37,94.74,16.0,3.0,
753.0,abbeylk,2025-05-19,94.74,96.05,94.74,17.0,5.0,
754.0,abbeylk,2025-05-26,94.08,98.68,94.08,16.0,4.0,
755.0,abbeylk,2025-06-02,92.76,98.68,92.76,15.0,8.0,
756.0,abbeylk,2025-06-09,92.76,99.34,92.76,18.0,7.0,
757.0,abbeylk,2025-06-16,91.45,98.03,91.45,20.0,2.0,
758.0,abbeylk,2025-06-23,92.76,99.34,92.76,16.0,1.0,
759.0,abbeylk,2025-06-30,96.05,100.0,96.05,13.0,1.0,
760.0,abbeylk,2025-07-07,96.05,98.68,96.05,15.0,3.0,
761.0,abbeylk,2025-07-14,96.05,99.34,96.05,20.0,5.0,
762.0,abbeylk,2025-07-21,95.39,99.34,95.39,21.0,1.0,
763.0,abbeylk,2025-07-28,94.08,98.64,94.08,18.0,7.0,
764.0,abbeylk,2025-08-04,92.11,99.34,92.11,18.0,7.0,
765.0,abbeylk,2025-08-11,91.45,100.0,91.45,18.0,5.0,
766.0,abbeylk,2025-08-18,92.11,99.34,92.11,19.0,10.0,
767.0,abbeylk,2025-08-25,92.76,98.68,92.76,15.0,8.0,
768.0,abbeylk,2025-09-01,94.74,99.34,94.74,9.0,4.0,
769.0,abbeylk,2025-09-08,94.08,98.68,94.08,8.0,8.0,
770.0,abbeylk,2025-09-15,94.08,99.34,94.08,12.0,8.0,
771.0,abbeylk,2025-09-22,94.08,98.68,94.08,10.0,6.0,
772.0,abbeylk,2025-09-29,95.39,98.68,95.39,8.0,9.0,
773.0,abbeylk,2025-10-06,93.42,98.03,93.42,9.0,6.0,
774.0,abbeylk,2025-10-13,94.74,97.37,94.74,13.0,6.0,
775.0,abbeylk,2025-10-20,94.74,98.03,94.74,11.0,6.0,
776.0,abbeylk,2025-10-27,94.74,98.03,94.74,11.0,5.0,
777.0,abbeylk,2025-11-03,94.74,99.34,94.74,9.0,5.0,
778.0,abbeylk,2025-11-10,94.08,96.71,94.08,10.0,7.0,
779.0,abbeylk,2025-11-17,94.08,96.05,94.08,18.0,5.0,
780.0,abbeylk,2025-11-24,94.08,95.39,94.08,14.0,8.0,
781.0,abbeylk,2025-12-01,94.08,96.71,94.08,14.0,2.0,
782.0,abbeylk,2025-12-08,92.76,96.71,92.76,15.0,3.0,
783.0,abbeylk,2025-12-15,92.11,96.05,92.11,18.0,3.0,
784.0,abbeylk,2025-12-22,92.76,96.05,92.76,15.0,5.0,
785.0,abbeylk,2025-12-29,92.76,96.71,92.76,14.0,5.0,
786.0,abbeylk,2026-01-05,92.8,96.1,92.8,13.0,4.0,
787.0,abbeylk,2026-01-12,92.76,96.05,92.76,17.0,7.0,
788.0,abbeylk,2026-01-19,92.76,96.71,92.76,14.0,8.0,
789.0,abbeylk,2026-01-26,93.42,96.71,93.42,14.0,10.0,
790.0,abbeylk,2026-02-02,93.42,96.05,93.42,12.0,3.0,
792.0,abbeylk,2026-02-16,92.11,96.71,92.11,21.0,5.0,
791.0,abbeylk,2026-02-09,93.42,96.71,93.42,15.0,8.0,
793.0,abbeylk,2026-02-23,93.42,96.71,93.42,15.0,8.0,
795.0,capella2,2026-02-23,89.37,92.18,89.37,55.0,16.0,
796.0,colwds,2026-02-23,94.92,97.1,94.92,35.0,32.0,
797.0,emersn,2026-02-23,95.52,97.15,95.52,0.0,32.0,
798.0,georget,2026-02-23,97.05,100.0,97.05,1.0,3.0,
799.0,hampec,2026-02-23,76.02,79.08,76.02,49.0,23.0,
800.0,haven,2026-02-23,93.18,96.81,93.18,26.0,29.0,
802.0,manwes,2026-02-23,89.02,93.9,89.02,59.0,19.0,
803.0,marbla,2026-02-23,88.54,88.54,88.54,9.0,1.0,
804.0,marshp,2026-02-23,95.0,100.0,95.0,7.0,3.0,
805.0,talloak,2026-02-23,86.2,90.22,86.2,28.0,0.0,
806.0,tapeprk,2026-02-23,92.93,94.91,92.93,36.0,13.0,
807.0,hangar,2026-02-23,89.88,92.85,89.88,29.0,6.0,
810.0,kenplc,2021-06-14,96.88,100.0,96.88,,,
811.0,kenplc,2021-06-21,98.44,100.0,98.44,,,
812.0,kenplc,2021-06-28,98.44,100.0,98.44,,,
813.0,kenplc,2021-07-05,96.09,100.0,96.09,,,
814.0,kenplc,2021-07-12,97.66,100.0,97.66,,,
815.0,kenplc,2021-07-19,98.44,100.0,98.44,,,
816.0,kenplc,2021-07-26,97.66,100.0,97.66,,,
817.0,kenplc,2021-08-02,97.66,100.0,97.66,,,
818.0,kenplc,2021-08-09,96.88,100.0,96.88,,,
819.0,kenplc,2021-08-16,98.44,100.0,98.44,,,
820.0,kenplc,2021-08-23,97.66,100.0,97.66,,,
821.0,kenplc,2021-08-30,98.44,100.0,98.44,,,
822.0,kenplc,2021-09-06,98.44,100.0,98.44,,,
823.0,kenplc,2021-09-13,98.44,99.22,98.44,,,
824.0,kenplc,2021-09-20,99.22,100.0,99.22,,,
825.0,kenplc,2021-09-27,99.22,100.0,99.22,,,
826.0,kenplc,2021-10-04,98.44,100.0,98.44,,,
827.0,kenplc,2021-10-11,97.66,100.0,97.66,,,
828.0,kenplc,2021-10-18,98.44,100.0,98.44,,,
829.0,kenplc,2021-10-25,97.66,100.0,97.66,,,
830.0,kenplc,2021-11-01,96.09,99.22,96.09,,,
831.0,kenplc,2021-11-08,97.66,100.0,97.66,,,
832.0,kenplc,2021-11-15,98.44,99.22,98.44,,,
833.0,kenplc,2021-11-22,98.44,99.22,98.44,,,
834.0,kenplc,2021-11-29,99.22,100.0,99.22,,,
835.0,kenplc,2021-12-06,99.22,100.0,99.22,,,
836.0,kenplc,2021-12-13,98.44,99.22,98.44,,,
837.0,kenplc,2021-12-20,97.66,100.0,97.66,,,
838.0,kenplc,2021-12-27,98.44,100.0,98.44,,,
839.0,kenplc,2022-01-03,98.44,99.22,98.44,,,
840.0,kenplc,2022-01-10,98.44,99.22,98.44,,,
841.0,kenplc,2022-01-17,98.44,100.0,98.44,,,
842.0,kenplc,2022-01-24,98.44,99.22,98.44,,,
843.0,kenplc,2022-01-31,98.44,100.0,98.44,,,
844.0,kenplc,2022-02-07,96.88,99.22,96.88,,,
845.0,kenplc,2022-02-14,96.88,98.44,96.88,,,
846.0,kenplc,2022-02-21,98.44,100.0,98.44,,,
847.0,kenplc,2022-02-28,98.44,99.22,98.44,,,
848.0,kenplc,2022-03-07,96.09,100.0,96.09,,,
849.0,kenplc,2022-03-14,96.88,100.0,96.88,,,
850.0,kenplc,2022-03-21,97.66,100.0,97.66,,,
851.0,kenplc,2022-03-28,98.44,98.44,98.44,,,
852.0,kenplc,2022-04-04,94.53,97.66,94.53,,,
853.0,kenplc,2022-04-11,94.53,96.09,94.53,,,
854.0,kenplc,2022-04-18,94.53,96.88,94.53,,,
855.0,kenplc,2022-04-25,94.53,99.22,94.53,,,
856.0,kenplc,2022-05-02,94.53,96.09,94.53,,,
857.0,kenplc,2022-05-09,95.31,99.21,95.31,,,
858.0,kenplc,2022-05-16,96.88,99.22,96.88,,,
859.0,kenplc,2022-05-23,96.88,99.22,96.88,,,
860.0,kenplc,2022-05-30,96.88,99.22,96.88,,,
861.0,kenplc,2022-06-06,96.88,99.22,96.88,,,
862.0,kenplc,2022-06-13,98.44,99.22,98.44,,,
863.0,kenplc,2022-06-20,97.66,99.22,97.66,,,
864.0,kenplc,2022-06-27,97.66,99.22,97.66,,,
865.0,kenplc,2022-07-11,99.22,99.22,99.22,,,
866.0,kenplc,2022-07-18,98.44,99.22,98.44,,,
867.0,kenplc,2022-07-25,97.66,99.22,97.66,,,
868.0,kenplc,2022-08-08,96.09,99.22,96.09,,,
869.0,kenplc,2022-08-15,95.31,100.0,95.31,,,
870.0,kenplc,2022-08-22,97.66,100.0,97.66,,,
871.0,kenplc,2022-08-29,96.09,100.0,96.09,,,
872.0,kenplc,2022-09-06,99.22,100.0,99.22,,,
873.0,kenplc,2022-09-12,99.22,100.0,99.22,,,
874.0,kenplc,2022-09-19,98.43,100.0,98.43,,,
875.0,kenplc,2022-09-26,97.66,99.22,97.66,,,
876.0,kenplc,2022-10-17,99.22,100.0,99.22,,,
877.0,kenplc,2022-10-24,98.44,100.0,98.44,,,
878.0,kenplc,2022-10-31,98.44,100.0,98.44,,,
879.0,kenplc,2022-11-07,98.44,100.0,98.44,,,
880.0,kenplc,2022-11-14,98.43,99.21,98.43,,,
881.0,kenplc,2022-11-21,96.88,96.88,96.88,,,
882.0,kenplc,2022-11-28,95.31,96.88,95.31,,,
883.0,kenplc,2022-12-05,94.53,98.44,94.53,,,
884.0,kenplc,2022-12-12,93.75,96.88,93.75,,,
801.0,kenplc,2026-02-23,96.87,98.43,96.87,6.0,3.0,
809.0,wdlndcm,2026-02-23,94.74,98.25,94.74,26.0,17.0,
808.0,turn,2026-02-23,87.5,92.5,87.5,24.0,12.0,
794.0,55pharr,2026-02-23,86.99,88.61,86.99,23.0,19.0,
1341.0,georget,2026-03-23,97.05,100.0,97.05,1.0,3.0,
885.0,kenplc,2022-12-19,94.53,97.65,94.53,,,
886.0,kenplc,2023-01-09,89.84,93.75,89.84,,,
887.0,kenplc,2023-01-16,92.97,92.97,92.97,,,
888.0,kenplc,2023-01-23,90.62,92.96,90.62,,,
889.0,kenplc,2023-01-30,89.84,91.41,89.84,,,
890.0,kenplc,2023-02-06,88.28,90.62,88.28,,,
891.0,kenplc,2023-02-13,88.28,92.96,88.28,,,
892.0,kenplc,2023-02-20,89.06,94.53,89.06,,,
893.0,kenplc,2023-02-27,88.28,94.53,88.28,,,
894.0,kenplc,2023-03-06,89.06,96.09,89.06,,,
895.0,kenplc,2023-03-13,89.06,96.09,89.06,,,
896.0,kenplc,2023-03-20,90.62,92.97,90.62,,,
897.0,kenplc,2023-03-27,89.06,92.18,89.06,,,
898.0,kenplc,2023-04-03,92.19,93.75,92.19,,,
899.0,kenplc,2023-04-10,91.41,94.53,91.41,,,
900.0,kenplc,2023-04-17,91.41,92.19,91.41,,,
901.0,kenplc,2023-04-24,91.41,92.97,91.41,22.0,17.0,
902.0,kenplc,2023-05-01,92.19,92.97,92.19,20.0,8.0,
903.0,kenplc,2023-05-08,90.62,92.96,90.62,19.0,11.0,
904.0,kenplc,2023-05-15,89.84,93.75,89.84,22.0,8.0,
905.0,kenplc,2023-05-22,87.5,94.53,87.5,18.0,14.0,
906.0,kenplc,2023-05-29,88.28,96.09,88.28,18.0,10.0,
907.0,kenplc,2023-06-05,87.5,92.97,87.5,14.0,13.0,
908.0,kenplc,2023-06-12,91.94,94.53,91.94,20.0,10.0,
909.0,kenplc,2023-06-19,91.4,96.09,91.4,18.0,7.0,
910.0,kenplc,2023-06-26,91.41,95.31,91.41,18.0,4.0,
911.0,kenplc,2023-07-03,90.62,95.31,90.62,18.0,6.0,
912.0,kenplc,2023-07-10,91.41,96.09,91.41,22.0,14.0,
913.0,kenplc,2023-07-17,92.19,97.66,92.19,21.0,19.0,
914.0,kenplc,2023-07-24,93.75,97.66,93.75,19.0,4.0,
915.0,kenplc,2023-07-31,92.97,96.88,92.97,19.0,4.0,
916.0,kenplc,2023-08-07,94.53,97.65,94.53,17.0,11.0,
917.0,kenplc,2023-08-14,94.5,98.4,94.5,14.0,4.0,
918.0,kenplc,2023-08-21,93.75,96.87,93.75,14.0,4.0,
919.0,kenplc,2023-08-28,93.75,97.66,93.75,13.0,8.0,
920.0,kenplc,2023-09-04,94.53,97.66,94.53,10.0,4.0,
921.0,kenplc,2023-09-11,93.75,97.66,93.75,12.0,4.0,
922.0,kenplc,2023-09-18,95.31,97.65,95.31,7.0,9.0,
923.0,kenplc,2023-09-25,96.88,98.44,96.88,7.0,4.0,
924.0,kenplc,2023-10-02,95.31,96.88,95.31,8.0,2.0,
925.0,kenplc,2023-10-09,95.31,97.7,95.31,11.0,7.0,
926.0,kenplc,2023-10-16,94.53,96.09,94.53,13.0,2.0,
927.0,kenplc,2023-10-23,94.53,97.66,94.53,10.0,3.0,
928.0,kenplc,2023-10-30,94.53,96.09,94.53,10.0,6.0,
929.0,kenplc,2023-11-06,94.53,97.66,94.53,12.0,7.0,
930.0,kenplc,2023-11-13,94.53,97.66,94.53,11.0,6.0,
931.0,kenplc,2023-11-20,94.53,96.88,94.53,11.0,2.0,
932.0,kenplc,2023-11-27,94.53,97.66,94.53,12.0,7.0,
933.0,kenplc,2023-12-04,94.53,97.66,94.53,11.0,2.0,
934.0,kenplc,2023-12-11,92.97,96.88,92.97,13.0,3.0,
935.0,kenplc,2023-12-18,91.41,96.09,91.41,13.0,1.0,
936.0,kenplc,2023-12-25,92.19,96.88,92.19,11.0,4.0,
937.0,kenplc,2024-01-01,92.97,96.88,92.97,8.0,1.0,
938.0,kenplc,2024-01-08,93.75,96.88,93.75,10.0,11.0,
939.0,kenplc,2024-01-15,93.75,96.09,93.75,9.0,2.0,
940.0,kenplc,2024-01-22,93.75,96.88,93.75,11.0,6.0,
941.0,kenplc,2024-01-29,92.97,96.09,92.97,13.0,6.0,
942.0,kenplc,2024-02-05,92.19,95.31,92.19,15.0,9.0,
943.0,kenplc,2024-02-12,90.62,96.09,90.62,14.0,6.0,
944.0,kenplc,2024-02-19,92.19,96.09,92.19,13.0,2.0,
945.0,kenplc,2024-02-26,92.97,95.31,92.97,12.0,3.0,
946.0,kenplc,2024-03-04,93.75,96.88,93.75,13.0,6.0,
947.0,kenplc,2024-03-11,92.97,96.88,92.97,11.0,4.0,
948.0,kenplc,2024-03-18,94.53,98.44,94.53,10.0,5.0,
949.0,kenplc,2024-03-25,95.31,99.22,95.31,6.0,5.0,
950.0,kenplc,2024-04-01,96.09,98.44,96.09,7.0,7.0,
951.0,kenplc,2024-04-08,96.09,97.66,96.09,8.0,3.0,
952.0,kenplc,2024-04-15,95.31,98.44,95.31,7.0,2.0,
953.0,kenplc,2024-04-22,96.88,98.44,96.88,8.0,6.0,
954.0,kenplc,2024-04-29,97.66,98.44,97.66,10.0,4.0,
955.0,kenplc,2024-05-06,96.88,95.31,96.88,10.0,2.0,
956.0,kenplc,2024-05-13,95.31,96.88,95.31,11.0,6.0,
957.0,kenplc,2024-05-20,96.09,97.66,96.09,8.0,4.0,
958.0,kenplc,2024-05-27,96.09,97.66,96.09,10.0,9.0,
959.0,kenplc,2024-06-03,96.09,97.66,96.09,10.0,5.0,
960.0,kenplc,2024-06-10,94.53,97.66,94.53,11.0,2.0,
961.0,kenplc,2024-06-17,95.31,99.22,95.31,14.0,5.0,
962.0,kenplc,2024-06-24,96.09,100.0,96.09,16.0,6.0,
963.0,kenplc,2024-07-01,96.09,99.22,96.09,14.0,8.0,
964.0,kenplc,2024-07-08,95.31,98.44,95.31,12.0,6.0,
965.0,kenplc,2024-07-15,95.31,96.09,95.31,12.0,11.0,
966.0,kenplc,2024-07-22,93.75,95.31,93.75,14.0,0.0,
967.0,kenplc,2024-07-29,92.19,95.31,92.19,12.0,4.0,
968.0,kenplc,2024-08-05,90.62,96.09,90.62,12.0,14.0,
969.0,kenplc,2024-08-12,92.97,96.88,92.97,9.0,14.0,
970.0,kenplc,2024-08-19,94.53,96.88,94.53,8.0,3.0,
971.0,kenplc,2024-08-26,93.75,97.66,93.75,10.0,7.0,
972.0,kenplc,2024-09-02,94.53,97.66,94.53,11.0,8.0,
973.0,kenplc,2024-09-09,95.31,96.09,95.31,9.0,1.0,
974.0,kenplc,2024-09-16,93.75,95.31,93.75,11.0,5.0,
975.0,kenplc,2024-09-23,94.53,96.88,94.53,9.0,9.0,
976.0,kenplc,2024-09-30,92.19,95.31,92.19,8.0,4.0,
977.0,kenplc,2024-10-07,94.53,94.53,94.53,4.0,6.0,
978.0,kenplc,2024-10-14,94.53,96.09,94.53,6.0,7.0,
979.0,kenplc,2024-10-21,92.97,93.75,92.97,8.0,4.0,
980.0,kenplc,2024-10-28,92.97,92.97,92.97,8.0,3.0,
981.0,kenplc,2024-11-04,92.19,92.19,92.19,9.0,3.0,
982.0,kenplc,2024-11-11,92.19,92.19,92.19,7.0,2.0,
983.0,kenplc,2024-11-18,92.19,92.97,92.19,6.0,3.0,
984.0,kenplc,2024-11-25,91.41,92.19,91.41,8.0,0.0,
985.0,kenplc,2024-12-02,92.19,93.75,92.19,10.0,1.0,
986.0,kenplc,2024-12-09,91.41,92.97,91.41,11.0,3.0,
987.0,kenplc,2024-12-16,92.19,96.09,92.19,11.0,0.0,
988.0,kenplc,2024-12-23,92.19,94.53,92.19,10.0,3.0,
989.0,kenplc,2024-12-30,92.19,94.53,92.19,9.0,1.0,
990.0,kenplc,2025-01-06,92.97,94.53,92.97,9.0,1.0,
991.0,kenplc,2025-01-13,92.97,95.31,92.97,9.0,6.0,
992.0,kenplc,2025-01-20,92.97,95.31,92.97,9.0,5.0,
993.0,kenplc,2025-01-27,93.75,94.53,93.75,8.0,9.0,
994.0,kenplc,2025-02-03,92.97,93.75,92.97,9.0,5.0,
995.0,kenplc,2025-02-10,92.97,94.53,92.97,11.0,3.0,
996.0,kenplc,2025-02-17,93.75,94.53,93.75,9.0,6.0,
997.0,kenplc,2025-02-24,92.96,93.75,92.96,8.0,8.0,
998.0,kenplc,2025-03-03,93.75,95.31,93.75,9.0,4.0,
999.0,kenplc,2025-03-10,93.75,94.53,93.75,11.0,6.0,
1000.0,kenplc,2025-03-17,93.75,92.19,93.75,11.0,9.0,
1001.0,kenplc,2025-03-24,91.41,93.75,91.41,11.0,6.0,
1002.0,kenplc,2025-03-31,90.62,92.97,90.62,8.0,6.0,
1003.0,kenplc,2025-04-07,90.62,93.75,90.62,6.0,8.0,
1004.0,kenplc,2025-04-14,92.19,93.75,92.19,4.0,4.0,
1005.0,kenplc,2025-04-21,92.97,93.75,92.97,5.0,4.0,
1006.0,kenplc,2025-04-28,91.41,92.19,91.41,4.0,5.0,
1007.0,kenplc,2025-05-05,91.41,95.31,91.41,6.0,0.0,
1008.0,kenplc,2025-05-12,89.84,96.09,89.84,11.0,0.0,
1009.0,kenplc,2024-05-19,91.41,97.66,91.41,12.0,7.0,
1010.0,kenplc,2025-05-26,92.19,98.44,92.19,8.0,7.0,
1011.0,kenplc,2025-06-02,92.97,96.88,92.97,9.0,13.0,
1012.0,kenplc,2025-06-09,94.53,97.66,94.53,10.0,10.0,
1013.0,kenplc,2025-06-16,95.31,98.44,95.31,10.0,3.0,
1014.0,kenplc,2025-06-23,95.31,98.44,95.31,10.0,8.0,
1015.0,kenplc,2025-06-30,94.53,97.66,94.53,10.0,12.0,
1016.0,kenplc,2025-07-07,92.97,98.44,92.97,13.0,19.0,
1017.0,kenplc,2025-07-14,93.75,98.44,93.75,12.0,16.0,
1018.0,kenplc,2025-07-21,95.31,99.22,95.31,10.0,10.0,
1019.0,kenplc,2025-07-28,94.53,98.44,94.53,10.0,10.0,
1020.0,kenplc,2025-08-04,96.88,99.22,96.88,7.0,15.0,
1021.0,kenplc,2025-08-11,96.88,99.22,96.88,6.0,18.0,
1022.0,kenplc,2025-08-18,96.09,97.66,96.09,7.0,8.0,
1023.0,kenplc,2025-08-25,95.31,98.44,95.31,7.0,11.0,
1024.0,kenplc,2025-09-01,95.31,97.66,95.31,7.0,6.0,
1025.0,kenplc,2025-09-08,96.09,96.88,96.09,7.0,6.0,
1026.0,kenplc,2025-09-15,96.09,96.88,96.09,8.0,6.0,
1027.0,kenplc,2025-09-22,96.09,96.88,96.09,7.0,4.0,
1028.0,kenplc,2025-09-29,95.31,96.88,95.31,4.0,7.0,
1029.0,kenplc,2025-10-06,95.31,96.88,95.31,4.0,3.0,
1030.0,kenplc,2025-10-13,96.09,98.44,96.09,3.0,9.0,
1031.0,kenplc,2025-10-20,96.88,98.44,96.88,2.0,8.0,
1032.0,kenplc,2025-10-27,96.88,98.44,96.88,3.0,7.0,
1033.0,kenplc,2025-11-03,97.66,99.22,97.66,2.0,4.0,
1034.0,kenplc,2025-11-10,98.44,99.22,98.44,7.0,5.0,
1035.0,kenplc,2025-11-17,98.44,100.0,98.44,7.0,7.0,
1036.0,kenplc,2025-11-24,98.44,100.0,98.44,2.0,2.0,
1037.0,kenplc,2025-12-01,98.44,100.0,98.44,2.0,7.0,
1038.0,kenplc,2025-12-08,99.22,100.0,99.22,2.0,5.0,
1039.0,kenplc,2025-12-15,99.22,100.0,99.22,5.0,2.0,
1040.0,kenplc,2025-12-22,99.22,99.22,99.22,4.0,3.0,
1041.0,kenplc,2025-12-29,99.22,99.22,99.22,5.0,6.0,
1042.0,kenplc,2026-01-05,96.88,97.66,96.88,8.0,4.0,
1043.0,kenplc,2026-01-12,96.09,96.88,96.09,7.0,6.0,
1044.0,kenplc,2026-01-19,96.09,96.88,96.09,5.0,3.0,
1045.0,kenplc,2026-01-26,96.09,97.66,96.09,7.0,7.0,
1046.0,kenplc,2026-02-02,96.88,98.44,96.88,5.0,5.0,
1047.0,kenplc,2026-02-09,96.88,98.44,96.88,6.0,3.0,
1048.0,kenplc,2026-02-16,95.31,96.88,95.31,6.0,8.0,
1049.0,wdlndcm,2025-04-07,92.98,92.98,92.98,10.0,46.0,
1050.0,wdlndcm,2025-04-14,92.98,92.98,92.98,18.0,30.0,
1051.0,wdlndcm,2025-04-21,92.11,92.98,92.11,24.0,29.0,
1052.0,wdlndcm,2025-04-28,92.11,92.98,92.11,23.0,22.0,
1053.0,wdlndcm,2025-05-05,88.6,90.35,88.6,24.0,16.0,
1054.0,wdlndcm,2025-05-12,89.47,95.61,89.47,23.0,12.0,
1055.0,wdlndcm,2025-05-19,91.23,95.61,91.23,26.0,13.0,
1056.0,wdlndcm,2025-05-26,91.23,96.49,91.23,23.0,7.0,
1057.0,wdlndcm,2025-06-02,93.86,95.61,93.86,22.0,9.0,
1058.0,wdlndcm,2025-06-09,92.11,97.37,92.11,21.0,6.0,
1059.0,wdlndcm,2025-06-16,92.11,97.37,92.11,22.0,16.0,
1060.0,wdlndcm,2025-06-23,89.47,92.11,89.47,19.0,23.0,
1061.0,wdlndcm,2025-06-30,89.47,93.86,89.47,23.0,20.0,
1062.0,wdlndcm,2025-07-07,90.35,92.98,90.35,22.0,24.0,
1063.0,wdlndcm,2025-07-14,90.35,93.86,90.35,26.0,18.0,
1064.0,wdlndcm,2025-07-21,91.23,94.74,91.23,23.0,20.0,
1065.0,wdlndcm,2025-07-28,90.35,96.49,90.35,21.0,12.0,
1066.0,wdlndcm,2025-08-04,90.35,97.37,90.35,17.0,15.0,
1067.0,wdlndcm,2025-08-11,91.23,97.37,91.23,13.0,14.0,
1068.0,wdlndcm,2025-08-18,96.49,99.12,96.49,11.0,20.0,
1069.0,wdlndcm,2025-08-25,96.49,97.37,96.49,11.0,14.0,
1070.0,wdlndcm,2025-09-01,95.61,97.37,95.61,11.0,8.0,
1071.0,wdlndcm,2025-09-08,95.61,99.12,95.61,11.0,9.0,
1072.0,wdlndcm,2025-09-15,97.37,100.0,97.37,16.0,21.0,
1073.0,wdlndcm,2025-09-22,98.25,100.0,98.25,13.0,9.0,
1074.0,wdlndcm,2025-09-29,98.25,100.0,98.25,11.0,13.0,
1075.0,wdlndcm,2025-10-06,98.25,99.12,98.25,14.0,8.0,
1076.0,wdlndcm,2025-10-13,97.37,99.12,97.37,17.0,10.0,
1077.0,wdlndcm,2025-10-20,97.37,100.0,97.37,18.0,1.0,
1078.0,wdlndcm,2025-10-27,97.37,100.0,97.37,16.0,3.0,
1079.0,wdlndcm,2025-11-03,97.37,99.12,97.37,16.0,8.0,
1080.0,wdlndcm,2025-11-10,95.61,98.25,95.61,15.0,8.0,
1081.0,wdlndcm,2025-11-17,95.61,98.25,95.61,25.0,9.0,
1082.0,wdlndcm,2025-11-24,95.61,98.25,95.61,18.0,12.0,
1083.0,wdlndcm,2025-12-01,94.74,97.37,94.74,18.0,11.0,
1084.0,wdlndcm,2025-12-08,95.61,99.12,95.61,22.0,5.0,
1085.0,wdlndcm,2025-12-15,94.74,99.12,94.74,26.0,7.0,
1086.0,wdlndcm,2025-12-22,97.37,98.25,97.37,21.0,7.0,
1087.0,wdlndcm,2025-12-29,96.49,99.12,96.49,21.0,11.0,
1088.0,wdlndcm,2026-01-05,95.61,98.25,95.61,21.0,6.0,
1089.0,wdlndcm,2026-01-12,95.61,98.25,95.61,19.0,11.0,
1090.0,wdlndcm,2026-01-19,96.49,98.25,96.49,25.0,10.0,
1091.0,wdlndcm,2026-01-26,95.61,98.25,95.61,24.0,11.0,
1092.0,wdlndcm,2026-02-02,95.61,97.37,95.61,21.0,7.0,
1093.0,wdlndcm,2026-02-09,94.74,96.49,94.74,21.0,8.0,
1094.0,wdlndcm,2026-02-16,95.61,99.12,95.61,25.0,8.0,
1095.0,turn,2025-03-24,94.0,96.5,94.0,17.0,5.0,
1096.0,turn,2025-03-31,93.0,94.0,93.0,17.0,14.0,
1097.0,turn,2025-04-07,92.0,94.0,92.0,20.0,14.0,
1098.0,turn,2025-04-14,92.0,94.5,92.0,31.0,13.0,
1099.0,turn,2025-04-21,90.5,94.5,90.5,22.0,18.0,
1100.0,turn,2025-04-28,90.0,96.0,90.0,22.0,19.0,
1101.0,turn,2025-05-05,89.0,95.0,89.0,21.0,16.0,
1102.0,turn,2025-05-12,90.0,86.0,90.0,22.0,17.0,
1103.0,turn,2025-05-19,92.0,96.0,92.0,19.0,25.0,
1104.0,turn,2025-05-26,91.0,96.0,91.0,24.0,31.0,
1105.0,turn,2025-06-02,90.5,95.0,90.5,25.0,27.0,
1106.0,turn,2025-06-09,89.5,94.5,89.5,31.0,32.0,
1107.0,turn,2025-06-16,89.0,93.5,89.0,35.0,29.0,
1108.0,turn,2025-06-23,90.5,94.0,90.5,31.0,29.0,
1109.0,turn,2025-06-30,91.0,93.5,91.0,26.0,28.0,
1110.0,turn,2025-07-07,89.5,92.0,89.5,28.0,55.0,
1111.0,turn,2025-07-14,90.5,92.5,90.5,30.0,25.0,
1112.0,turn,2025-07-21,91.0,93.5,91.0,28.0,39.0,
1113.0,turn,2025-07-28,90.5,92.0,90.5,23.0,25.0,
1114.0,turn,2025-08-04,89.0,91.0,89.0,25.0,20.0,
1115.0,turn,2025-08-11,88.0,90.5,88.0,25.0,19.0,
1116.0,turn,2025-08-18,88.5,91.0,88.5,28.0,31.0,
1117.0,turn,2025-08-25,89.0,91.5,89.0,30.0,26.0,
1118.0,turn,2025-09-01,89.0,93.0,89.0,31.0,22.0,
1119.0,turn,2025-09-08,88.0,93.0,88.0,31.0,27.0,
1120.0,turn,2025-09-15,87.5,91.5,87.5,36.0,13.0,
1121.0,turn,2025-09-22,89.0,92.0,89.0,27.0,23.0,
1122.0,turn,2025-09-29,88.0,89.5,88.0,24.0,19.0,
1123.0,turn,2025-10-06,88.0,89.5,88.0,23.0,16.0,
1124.0,turn,2025-10-13,88.5,89.5,88.5,26.0,10.0,
1125.0,turn,2025-10-20,87.5,88.5,87.5,26.0,13.0,
1126.0,turn,2025-10-27,87.5,89.5,87.5,23.0,5.0,
1127.0,turn,2025-11-03,85.5,88.5,85.5,26.0,5.0,
1128.0,turn,2025-11-10,85.5,90.0,85.5,23.0,8.0,
1129.0,turn,2025-11-17,87.0,89.0,87.0,29.0,9.0,
1130.0,turn,2025-11-24,86.5,90.5,86.5,25.0,15.0,
1131.0,turn,2025-12-01,87.0,89.0,87.0,24.0,11.0,
1132.0,turn,2025-12-08,87.0,90.5,87.0,23.0,5.0,
1133.0,turn,2025-12-15,86.5,92.0,86.5,26.0,9.0,
1134.0,turn,2025-12-22,86.5,90.0,86.5,23.0,6.0,
1135.0,turn,2025-12-29,87.0,90.0,87.0,23.0,9.0,
1136.0,turn,2026-01-05,86.5,91.0,86.5,25.0,24.0,
1137.0,turn,2026-01-12,85.0,89.0,85.0,28.0,3.0,
1138.0,turn,2026-01-19,84.5,88.0,84.5,30.0,10.0,
1139.0,turn,2026-01-26,85.0,87.5,85.0,29.0,12.0,
1140.0,turn,2026-02-02,87.0,89.0,87.0,26.0,8.0,
1141.0,turn,2026-02-09,86.0,87.5,86.0,26.0,13.0,
1142.0,turn,2026-02-16,85.5,91.0,85.5,28.0,15.0,
53.0,georget,2026-02-09,97.05,99.01,97.05,2.0,2.0,
1143.0,55pharr,2021-11-01,91.1,,,,,
1144.0,55pharr,2021-12-01,92.7,,,,,
1145.0,55pharr,2022-01-01,94.1,,,,,50.0
1146.0,55pharr,2022-02-01,94.6,,,,,0.0
1147.0,55pharr,2022-03-01,93.8,,,,,30.0
1148.0,55pharr,2022-04-01,91.2,,,,,10.0
1149.0,55pharr,2022-05-01,89.1,,,,,55.6
1150.0,55pharr,2022-06-01,88.1,,,,,7.7
1151.0,55pharr,2022-07-01,91.9,,,,,23.5
1152.0,55pharr,2022-08-01,90.9,,,,,40.0
1153.0,55pharr,2022-09-01,92.7,,,,,20.0
1154.0,55pharr,2022-10-01,84.4,,,,,66.7
1155.0,55pharr,2022-11-01,84.1,,,,,50.0
1156.0,55pharr,2022-12-01,87.2,,,,,50.0
1157.0,55pharr,2023-01-01,89.0,,,,,11.1
1158.0,55pharr,2023-02-01,89.7,,,,,25.0
1159.0,55pharr,2023-03-01,87.2,,,,,22.2
1160.0,55pharr,2023-04-01,83.7,,,,,40.0
1161.0,55pharr,2023-05-01,82.9,,,,,16.7
1162.0,55pharr,2023-06-01,81.3,,,,,57.1
1163.0,55pharr,2023-07-01,82.1,,,,,37.5
1164.0,55pharr,2023-08-01,86.2,,,,,0.0
1166.0,55pharr,2023-10-01,96.7,,,,,33.3
1167.0,55pharr,2023-11-01,92.6,,,,,25.0
1169.0,55pharr,2024-01-01,93.4,,,,,33.3
1170.0,55pharr,2024-02-01,93.4,,,,,40.0
1172.0,55pharr,2024-04-01,95.9,,,,,28.6
1173.0,55pharr,2024-05-01,95.0,,,,,45.5
1174.0,55pharr,2024-06-01,95.0,,,,,45.5
1165.0,55pharr,2023-09-01,95.9,,,16.0,24.0,12.5
1168.0,55pharr,2023-12-01,94.2,,,16.0,11.0,28.6
1171.0,55pharr,2024-03-01,92.6,,,17.0,6.0,0.0
1175.0,55pharr,2024-07-01,94.2,,,16.0,11.0,44.4
1176.0,55pharr,2024-08-01,95.0,,,,,47.1
1177.0,55pharr,2024-09-01,92.6,,,,,50.0
1178.0,55pharr,2024-10-01,95.0,,,,,40.0
1179.0,55pharr,2024-11-01,93.4,,,,,33.3
1180.0,55pharr,2024-12-01,91.7,,,,,33.3
1181.0,55pharr,2025-01-01,91.7,,,,,50.0
1182.0,55pharr,2025-02-01,91.7,,,,,42.9
1183.0,55pharr,2025-03-01,88.4,,,,,40.0
1184.0,55pharr,2025-04-01,87.6,,,,,40.0
1185.0,55pharr,2025-05-01,92.6,,,,,28.6
1186.0,55pharr,2025-06-01,88.4,,,,,57.1
1187.0,55pharr,2025-07-01,88.4,,,,,25.0
1188.0,55pharr,2025-08-01,86.0,,,,,30.8
1190.0,55pharr,2025-10-01,88.4,,,,,0.0
1191.0,55pharr,2025-11-01,89.3,,,,,60.0
1193.0,55pharr,2026-01-01,87.6,,,,,66.7
1194.0,55pharr,2026-02-01,87.6,,,,,11.1
1195.0,55pharr,2026-03-01,86.8,,,,,0.0
1196.0,55pharr,2023-04-28,,,,18.0,9.0,
1197.0,55pharr,2023-05-05,,,,16.0,2.0,
1198.0,55pharr,2023-05-12,,,,19.0,7.0,
1199.0,55pharr,2023-05-19,,,,3.0,22.0,
1200.0,55pharr,2023-05-26,,,,2.0,20.0,
1201.0,55pharr,2023-06-02,,,,17.0,9.0,
1202.0,55pharr,2023-06-09,,,,17.0,2.0,
1203.0,55pharr,2023-06-16,,,,24.0,0.0,
1204.0,55pharr,2023-06-23,,,,23.0,1.0,
1205.0,55pharr,2023-06-30,,,,21.0,10.0,
1206.0,55pharr,2023-07-07,,,,24.0,14.0,
1207.0,55pharr,2023-07-14,,,,24.0,17.0,
1208.0,55pharr,2023-07-21,,,,25.0,14.0,
1209.0,55pharr,2023-07-28,,,,14.0,9.0,
1210.0,55pharr,2023-08-04,,,,15.0,4.0,
1211.0,55pharr,2023-08-11,,,,12.0,8.0,
1212.0,55pharr,2023-08-18,,,,16.0,12.0,
1213.0,55pharr,2023-08-25,,,,15.0,19.0,
1214.0,55pharr,2023-09-08,,,,17.0,4.0,
1215.0,55pharr,2023-09-15,,,,22.0,15.0,
1216.0,55pharr,2023-09-22,,,,21.0,7.0,
1217.0,55pharr,2023-09-29,,,,19.0,11.0,
1218.0,55pharr,2023-10-06,,,,18.0,15.0,
1219.0,55pharr,2023-10-13,,,,18.0,20.0,
1220.0,55pharr,2023-10-20,,,,18.0,4.0,
1221.0,55pharr,2023-10-27,,,,15.0,12.0,
1222.0,55pharr,2023-11-03,,,,17.0,21.0,
1223.0,55pharr,2023-11-10,,,,17.0,10.0,
1224.0,55pharr,2023-11-17,,,,21.0,6.0,
1225.0,55pharr,2023-11-24,,,,20.0,10.0,
1226.0,55pharr,2023-12-08,,,,16.0,13.0,
1227.0,55pharr,2023-12-15,,,,20.0,7.0,
1228.0,55pharr,2023-12-22,,,,19.0,6.0,
1229.0,55pharr,2023-12-29,,,,19.0,6.0,
1230.0,55pharr,2024-01-05,,,,18.0,5.0,
1231.0,55pharr,2024-01-12,,,,18.0,5.0,
1232.0,55pharr,2024-01-19,,,,26.0,16.0,
1233.0,55pharr,2024-01-26,,,,18.0,11.0,
1234.0,55pharr,2024-02-02,,,,17.0,9.0,
1235.0,55pharr,2024-02-09,,,,18.0,7.0,
1236.0,55pharr,2024-02-16,,,,19.0,2.0,
1237.0,55pharr,2024-02-23,,,,21.0,4.0,
1238.0,55pharr,2024-03-08,,,,17.0,7.0,
1239.0,55pharr,2024-03-15,,,,17.0,4.0,
1240.0,55pharr,2024-03-22,,,,17.0,2.0,
1241.0,55pharr,2024-03-29,,,,17.0,4.0,
1242.0,55pharr,2024-04-05,,,,16.0,3.0,
1243.0,55pharr,2024-04-12,,,,17.0,3.0,
1244.0,55pharr,2024-04-19,,,,15.0,2.0,
1245.0,55pharr,2024-04-29,,,,17.0,3.0,
1246.0,55pharr,2024-05-06,,,,18.0,2.0,
1247.0,55pharr,2024-05-13,,,,21.0,5.0,
1248.0,55pharr,2024-05-20,,,,19.0,9.0,
1249.0,55pharr,2024-05-27,,,,18.0,9.0,
1250.0,55pharr,2024-06-03,,,,18.0,10.0,
1251.0,55pharr,2024-06-10,,,,16.0,14.0,
1252.0,55pharr,2024-06-17,,,,17.0,5.0,
1253.0,55pharr,2024-06-24,,,,16.0,14.0,
1254.0,55pharr,2024-07-08,,,,14.0,19.0,
1255.0,55pharr,2024-07-15,,,,13.0,12.0,
1256.0,55pharr,2024-07-22,,,,10.0,7.0,
1257.0,55pharr,2024-07-29,,,,9.0,6.0,
1258.0,55pharr,2024-08-05,,,,8.0,15.0,
1259.0,55pharr,2024-08-12,,,,7.0,12.0,
1260.0,55pharr,2024-08-19,,,,8.0,9.0,
1261.0,55pharr,2024-08-26,,,,7.0,2.0,
1262.0,55pharr,2024-09-02,,,,12.0,5.0,
1263.0,55pharr,2024-09-09,,,,14.0,3.0,
1264.0,55pharr,2024-09-16,,,,13.0,4.0,
1265.0,55pharr,2024-09-23,,,,13.0,5.0,
1266.0,55pharr,2024-09-30,,,,11.0,4.0,
1267.0,55pharr,2024-10-07,,,,10.0,1.0,
1268.0,55pharr,2024-10-14,,,,11.0,2.0,
1269.0,55pharr,2024-10-21,,,,10.0,4.0,
1270.0,55pharr,2024-10-28,,,,9.0,1.0,
1271.0,55pharr,2024-11-04,,,,9.0,5.0,
1272.0,55pharr,2024-11-11,,,,9.0,6.0,
1273.0,55pharr,2024-11-18,,,,8.0,9.0,
1274.0,55pharr,2024-11-25,,,,8.0,12.0,
1275.0,55pharr,2024-12-02,,,,8.0,14.0,
1276.0,55pharr,2024-12-09,,,,12.0,11.0,
1277.0,55pharr,2024-12-16,,,,13.0,7.0,
1278.0,55pharr,2024-12-23,,,,10.0,9.0,
1279.0,55pharr,2024-12-30,,,,8.0,10.0,
1280.0,55pharr,2025-01-06,,,,10.0,6.0,
1281.0,55pharr,2025-01-13,,,,11.0,5.0,
1282.0,55pharr,2025-01-20,,,,12.0,15.0,
1283.0,55pharr,2025-01-27,,,,12.0,10.0,
1284.0,55pharr,2025-02-03,,,,10.0,8.0,
1285.0,55pharr,2025-02-10,,,,9.0,9.0,
1286.0,55pharr,2025-02-17,,,,10.0,10.0,
1287.0,55pharr,2025-02-24,,,,9.0,13.0,
1288.0,55pharr,2025-03-03,,,,10.0,9.0,
1289.0,55pharr,2025-03-10,,,,10.0,5.0,
1290.0,55pharr,2025-03-17,,,,12.0,7.0,
1291.0,55pharr,2025-03-24,,,,12.0,11.0,
1292.0,55pharr,2025-03-31,,,,14.0,9.0,
1293.0,55pharr,2025-04-07,,,,22.0,14.0,
1294.0,55pharr,2025-04-14,,,,14.0,12.0,
1295.0,55pharr,2025-04-21,,,,8.0,11.0,
1296.0,55pharr,2025-04-28,,,,8.0,9.0,
1297.0,55pharr,2025-05-05,,,,7.0,7.0,
1298.0,55pharr,2025-05-12,,,,7.0,4.0,
1299.0,55pharr,2025-05-19,,,,11.0,5.0,
1300.0,55pharr,2025-05-26,,,,10.0,4.0,
1301.0,55pharr,2025-06-02,,,,12.0,9.0,
1302.0,55pharr,2025-06-09,,,,13.0,4.0,
1303.0,55pharr,2025-06-16,,,,19.0,0.0,
1304.0,55pharr,2025-06-23,,,,19.0,8.0,
1305.0,55pharr,2025-06-30,,,,17.0,3.0,
1306.0,55pharr,2025-07-07,,,,17.0,9.0,
1307.0,55pharr,2025-07-14,,,,16.0,11.0,
1308.0,55pharr,2025-07-21,,,,16.0,19.0,
1309.0,55pharr,2025-07-28,,,,15.0,13.0,
1310.0,55pharr,2025-08-04,,,,15.0,11.0,
1311.0,55pharr,2025-08-11,,,,16.0,9.0,
1312.0,55pharr,2025-08-18,,,,15.0,14.0,
1313.0,55pharr,2025-08-25,,,,14.0,18.0,
1189.0,55pharr,2025-09-01,90.1,,,14.0,17.0,41.7
1314.0,55pharr,2025-09-08,,,,11.0,19.0,
1315.0,55pharr,2025-09-15,,,,20.0,17.0,
1316.0,55pharr,2025-09-22,,,,22.0,17.0,
1317.0,55pharr,2025-09-29,,,,20.0,26.0,
1318.0,55pharr,2025-10-06,,,,20.0,19.0,
1319.0,55pharr,2025-10-13,,,,25.0,22.0,
1320.0,55pharr,2025-10-20,,,,27.0,18.0,
1321.0,55pharr,2025-10-27,,,,27.0,16.0,
1322.0,55pharr,2025-11-03,,,,22.0,11.0,
1323.0,55pharr,2025-11-10,,,,21.0,13.0,
1324.0,55pharr,2025-11-17,,,,23.0,20.0,
1325.0,55pharr,2025-11-24,,,,21.0,25.0,
1192.0,55pharr,2025-12-01,88.4,,,19.0,10.0,55.6
1326.0,55pharr,2025-12-08,,,,19.0,23.0,
1327.0,55pharr,2025-12-15,,,,25.0,16.0,
1328.0,55pharr,2025-12-22,,,,26.0,15.0,
1329.0,55pharr,2025-12-29,,,,24.0,14.0,
1330.0,55pharr,2026-01-05,,,,21.0,18.0,
1331.0,55pharr,2026-01-12,,,,23.0,19.0,
1332.0,55pharr,2026-01-19,,,,23.0,24.0,
1333.0,55pharr,2026-01-26,,,,23.0,20.0,
1334.0,55pharr,2026-02-02,,,,23.0,34.0,
1335.0,55pharr,2026-02-09,85.36,88.61,85.36,23.0,32.0,
1336.0,55pharr,2026-02-16,,,,25.0,36.0,
1337.0,55pharr,2026-03-02,,,,24.0,10.0,
,55pharr,2026-03-09,,,,25.0,24.0,
,55pharr,2026-03-16,,,,34.0,12.0,
,55pharr,2026-03-23,,,,35.0,7.0,
,55pharr,2026-03-30,,,,34.0,9.0,
,55pharr,2026-04-06,,,,32.0,18.0,
,capella2,2021-10-01,95.9,,,,,
,capella2,2021-11-01,96.1,,,,,
,capella2,2021-12-01,96.8,,,,,
,capella2,2022-01-01,96.6,,,,,
,capella2,2022-02-01,99.1,,,,,
,capella2,2022-03-01,96.8,,,,,
,capella2,2022-04-01,96.6,,,,,
,capella2,2022-05-01,97.3,,,,,
,capella2,2022-06-01,96.9,,,,,
,capella2,2022-07-01,98.1,,,,,
,capella2,2022-08-01,98.3,,,,,
,capella2,2022-09-01,97.8,,,,,
,capella2,2022-10-01,97.1,,,,,
,capella2,2022-11-01,96.9,,,,,
,capella2,2022-12-01,96.3,,,,,
,capella2,2023-01-01,97.4,,,,,
,capella2,2023-02-01,97.3,,,,,
,capella2,2023-03-01,97.5,,,,,
,capella2,2023-03-17,96.9,,,,,
,capella2,2023-04-01,96.3,,,,,
,capella2,2023-05-01,96.6,,,,,
,capella2,2023-06-01,96.9,,,,,
,capella2,2023-07-01,96.9,,,,,
,capella2,2023-08-01,96.6,,,,,
,capella2,2023-09-01,95.9,,,,,
,capella2,2023-10-01,95.6,,,,,
,capella2,2023-11-01,95.3,,,,,
,capella2,2023-12-01,96.6,,,,,
,capella2,2024-01-01,96.3,,,,,
,capella2,2024-02-01,96.3,,,,,
,capella2,2024-03-01,95.0,,,,,
,capella2,2024-04-01,95.3,,,,,
,capella2,2024-05-01,95.6,,,,,
,capella2,2024-06-01,92.5,,,,,
,capella2,2024-07-01,94.4,,,,,
,capella2,2024-08-01,93.8,,,,,
,capella2,2024-09-01,95.0,,,,,
,capella2,2024-10-01,93.4,,,,,
,capella2,2024-11-01,92.8,,,,,
,capella2,2024-12-01,94.7,,,,,
,capella2,2025-01-01,93.4,,,,,
,capella2,2025-02-01,96.6,,,,,
,capella2,2025-03-01,95.6,,,,,
,capella2,2025-04-01,95.9,,,,,
,capella2,2025-05-01,94.4,,,,,
,capella2,2025-06-01,95.6,,,,,
,capella2,2025-07-01,95.3,,,,,
,capella2,2025-08-01,95.9,,,,,
,capella2,2025-09-01,93.4,,,,,
,capella2,2025-10-01,93.1,,,,,
,capella2,2025-11-01,89.1,,,,,
,capella2,2025-12-01,90.6,,,,,
,capella2,2026-01-01,89.7,,,,,
,capella2,2026-02-01,89.7,,,,,
,capella2,2026-03-01,90.3,,,,,
,capella2,2026-04-01,90.9,,,,,
,emersn,2021-10-01,95.3,,,,,
,emersn,2021-11-01,93.7,,,,,
,emersn,2021-12-01,93.6,,,,,
,emersn,2022-01-01,92.6,,,,,
,emersn,2022-02-01,91.4,,,,,
,emersn,2022-03-01,91.4,,,,,
,emersn,2022-04-01,92.0,,,,,
,emersn,2022-05-01,93.3,,,,,
,emersn,2022-06-01,94.1,,,,,
,emersn,2022-07-01,92.6,,,,,
,emersn,2022-08-01,91.7,,,,,
,emersn,2022-09-01,90.5,,,,,
,emersn,2022-10-01,92.2,,,,,
,emersn,2022-11-01,93.9,,,,,
,emersn,2022-12-01,94.3,,,,,
,emersn,2023-01-01,92.0,,,,,
,emersn,2023-02-01,88.3,,,,,
,emersn,2023-03-01,88.7,,,,,
,emersn,2023-04-01,91.5,,,,,
,emersn,2023-05-01,93.5,,,,,
,emersn,2023-06-01,94.7,,,,,
,emersn,2023-07-01,92.3,,,,,
,emersn,2023-08-01,93.9,,,,,
,emersn,2023-09-01,92.3,,,,,
,emersn,2023-10-01,90.2,,,,,
,emersn,2023-11-01,90.7,,,,,
,emersn,2023-11-20,91.9,,,,,
,emersn,2023-12-01,91.5,,,,,
,emersn,2024-01-01,93.1,,,,,
,emersn,2024-02-01,93.5,,,,,
,emersn,2024-03-01,95.5,,,,,
,emersn,2024-04-01,95.9,,,,,
,emersn,2024-05-01,93.9,,,,,
,emersn,2024-06-01,95.5,,,,,
,emersn,2024-07-01,97.2,,,,,
,emersn,2024-08-01,95.9,,,,,
,emersn,2024-09-01,96.3,,,,,
,emersn,2024-10-01,93.1,,,,,
,emersn,2024-11-01,91.5,,,,,
,emersn,2024-12-01,90.2,,,,,
,emersn,2025-01-01,91.1,,,,,
,emersn,2025-02-01,89.8,,,,,
,emersn,2025-03-01,89.0,,,,,
,emersn,2025-04-01,93.1,,,,,
,emersn,2025-05-01,92.3,,,,,
,emersn,2025-06-01,91.5,,,,,
,emersn,2025-07-01,92.3,,,,,
,emersn,2025-08-01,93.5,,,,,
,emersn,2025-09-01,94.3,,,,,
,emersn,2025-10-01,95.9,,,,,
,emersn,2025-11-01,95.9,,,,,
,emersn,2025-12-01,95.5,,,,,
,emersn,2026-01-01,95.9,,,,,
,emersn,2026-02-01,94.7,,,,,
,emersn,2026-03-01,96.8,,,,,
,emersn,2026-04-01,95.1,,,,,
,marshp,2021-10-01,98.2,,,,,
,marshp,2021-11-01,95.2,,,,,
,marshp,2021-12-01,97.5,,,,,
,marshp,2022-01-01,97.7,,,,,
,marshp,2022-02-01,97.7,,,,,
,marshp,2022-03-01,96.4,,,,,
,marshp,2022-04-01,96.4,,,,,
,marshp,2022-05-01,97.2,,,,,
,marshp,2022-06-01,95.3,,,,,
,marshp,2022-07-01,94.6,,,,,
,marshp,2022-08-01,92.6,,,,,
,marshp,2022-09-01,95.2,,,,,
,marshp,2022-10-01,94.3,,,,,
,marshp,2022-11-01,91.2,,,,,
,marshp,2022-12-01,94.7,,,,,
,marshp,2023-01-01,96.0,,,,,
,marshp,2023-02-01,95.1,,,,,
,marshp,2023-03-01,95.0,,,,,
,marshp,2023-04-01,97.1,,,,,
,marshp,2023-04-30,95.0,,,,,
,marshp,2023-05-05,93.6,,,,,
,marshp,2023-05-19,94.3,,,,,
,marshp,2023-06-01,96.4,,,,,
,marshp,2023-07-01,96.4,,,,,
,marshp,2023-08-01,96.4,,,,,
,marshp,2023-09-01,97.1,,,,,
,marshp,2023-10-01,96.4,,,,,
,marshp,2023-11-01,96.4,,,,,
,marshp,2023-12-01,95.7,,,,,
,marshp,2024-01-01,95.0,,,,,
,marshp,2024-02-01,97.1,,,,,
,marshp,2024-03-01,98.6,,,,,
,marshp,2024-04-01,96.4,,,,,
,marshp,2024-05-01,97.9,,,,,
,marshp,2024-06-01,97.1,,,,,
,marshp,2024-07-01,96.4,,,,,
,marshp,2024-08-01,95.7,,,,,
,marshp,2024-09-01,95.7,,,,,
,marshp,2024-10-01,92.9,,,,,
,marshp,2024-11-01,95.0,,,,,
,marshp,2024-12-01,90.7,,,,,
,marshp,2025-01-01,91.4,,,,,
,marshp,2025-02-01,90.0,,,,,
,marshp,2025-03-01,92.9,,,,,
,marshp,2025-04-01,94.3,,,,,
,marshp,2025-05-01,96.4,,,,,
,marshp,2025-06-01,96.4,,,,,
,marshp,2025-07-01,97.9,,,,,
,marshp,2025-08-01,98.6,,,,,
,marshp,2025-09-01,98.6,,,,,
,marshp,2025-10-01,95.0,,,,,
,marshp,2025-11-01,93.6,,,,,
,marshp,2025-12-01,94.3,,,,,
,marshp,2026-01-01,95.7,,,,,
,marshp,2026-02-01,95.7,,,,,
,marshp,2026-03-01,97.9,,,,,
,marshp,2026-04-01,97.9,,,,,
